reaction,direction,source,coenzyme,equation,reactants,products,reactant_gen,product_gen,generation,ec_list
RZ_5,forward,KEGG,Fe,C00283 + Z00015 => Z00002,C00283 + Z00015,Z00002,0.0,0.0,0.0,
RZ_493,forward,KEGG,,C00238 => Z00060,C00238,Z00060,0.0,0.0,0.0,
RZ_515,forward,KEGG,,C00070 => Z00070,C00070,Z00070,0.0,0.0,0.0,
RZ_514,forward,KEGG,,C19609 => Z00069,C19609,Z00069,0.0,0.0,0.0,
RZ_513,forward,KEGG,,C00175 => Z00069,C00175,Z00069,0.0,0.0,0.0,
RZ_511,forward,KEGG,,C14818 => Z00069,C14818,Z00069,0.0,0.0,0.0,
RZ_510,forward,KEGG,,C00305 => Z00069,C00305,Z00069,0.0,0.0,0.0,
RZ_501,forward,KEGG,Fe,C00283 + Z00015 => Z00063,C00283 + Z00015,Z00063,0.0,0.0,0.0,
RZ_507,forward,KEGG,,C00070 => Z00069,C00070,Z00069,0.0,0.0,0.0,
RZ_506,forward,KEGG,Fe,C00283 + Z00015 => Z00067,C00283 + Z00015,Z00067,0.0,0.0,0.0,
RZ_503,forward,KEGG,,C00150 => Z00064,C00150,Z00064,0.0,0.0,0.0,
RZ_27,forward,KEGG,,C00175 => Z00006,C00175,Z00006,0.0,0.0,0.0,
R00636,forward,KEGG,,C00161 => C00071 + C00011,C00161,C00071 + C00011,0.0,0.0,0.0,4.1.1.1
R00636,reverse,KEGG,,C00071 + C00011 => C00161,C00071 + C00011,C00161,0.0,0.0,0.0,4.1.1.1
R00217_v1,forward,KEGG (Modified),Mn,C00036 + Z00030 + C00036 + Z00030 + C00036 + Z00030 => C00022 + C00011 + Z00030 + C00022 + C00011 + Z00030 + C00022 + C00011 + Z00030,C00036 + Z00030 + C00036 + Z00030 + C00036 + Z00030,C00022 + C00011 + Z00030 + C00022 + C00011 + Z00030 + C00022 + C00011 + Z00030,0.0,0.0,0.0,"1.1.1.38, 1.1.1.40, 4.1.1.112"
R00217_v1,reverse,KEGG (Modified),Mn,C00022 + C00011 + Z00030 + C00022 + C00011 + Z00030 + C00022 + C00011 + Z00030 => C00036 + Z00030 + C00036 + Z00030 + C00036 + Z00030,C00022 + C00011 + Z00030 + C00022 + C00011 + Z00030 + C00022 + C00011 + Z00030,C00036 + Z00030 + C00036 + Z00030 + C00036 + Z00030,0.0,0.0,0.0,"1.1.1.38, 1.1.1.40, 4.1.1.112"
R00217_v2,forward,KEGG (Modified),Mg,C00036 + Z00029 => C00022 + C00011 + Z00029,C00036 + Z00029,C00022 + C00011 + Z00029,0.0,0.0,0.0,"1.1.1.38, 1.1.1.40, 4.1.1.112"
R01082_v1,forward,KEGG (Modified),4Fe4S,C00149 + Z00002 => C00122 + C00001 + Z00002,C00149 + Z00002,C00122 + C00001 + Z00002,0.0,0.0,0.0,4.2.1.2
R01082_v1,reverse,KEGG (Modified),4Fe4S,C00122 + C00001 + Z00002 => C00149 + Z00002,C00122 + C00001 + Z00002,C00149 + Z00002,0.0,0.0,0.0,4.2.1.2
R00412,forward,KEGG,,C00042 + C00028 => C00122 + C00030,C00042 + C00028,C00122 + C00030,0.0,0.0,0.0,1.3.99.-
R00217_v2,reverse,KEGG (Modified),Mg,C00022 + C00011 + Z00029 => C00036 + Z00029,C00022 + C00011 + Z00029,C00036 + Z00029,0.0,0.0,0.0,"1.1.1.38, 1.1.1.40, 4.1.1.112"
R00217_v3,forward,KEGG (Modified),M2,C00036 + Z00069 => C00022 + C00011 + Z00069,C00036 + Z00069,C00022 + C00011 + Z00069,0.0,0.0,0.0,"1.1.1.38, 1.1.1.40, 4.1.1.112"
R00217_v3,reverse,KEGG (Modified),M2,C00022 + C00011 + Z00069 => C00036 + Z00069,C00022 + C00011 + Z00069,C00036 + Z00069,0.0,0.0,0.0,"1.1.1.38, 1.1.1.40, 4.1.1.112"
R00522_v1,reverse,KEGG (Modified),Mn,C00058 + C00011 + Z00030 => C00209 + Z00030,C00058 + C00011 + Z00030,C00209 + Z00030,0.0,0.0,0.0,4.1.1.2
R10092_v1,forward,KEGG (Modified),Co,C00288 + C00080 + Z00006 => C00011 + C00001 + Z00006,C00288 + C00080 + Z00006,C00011 + C00001 + Z00006,0.0,0.0,0.0,4.2.1.1
R10092_v1,reverse,KEGG (Modified),Co,C00011 + C00001 + Z00006 => C00288 + C00080 + Z00006,C00011 + C00001 + Z00006,C00288 + C00080 + Z00006,0.0,0.0,0.0,4.2.1.1
R10092_v2,forward,KEGG (Modified),Zn,C00288 + C00080 + Z00054 => C00011 + C00001 + Z00054,C00288 + C00080 + Z00054,C00011 + C00001 + Z00054,0.0,0.0,0.0,4.2.1.1
R10092_v2,reverse,KEGG (Modified),Zn,C00011 + C00001 + Z00054 => C00288 + C00080 + Z00054,C00011 + C00001 + Z00054,C00288 + C00080 + Z00054,0.0,0.0,0.0,4.2.1.1
R01900_v1,forward,KEGG (Modified),4Fe4S,C00311 + Z00002 => C00417 + C00001 + Z00002,C00311 + Z00002,C00417 + C00001 + Z00002,0.0,0.0,0.0,4.2.1.3
R01900_v1,reverse,KEGG (Modified),4Fe4S,C00417 + C00001 + Z00002 => C00311 + Z00002,C00417 + C00001 + Z00002,C00311 + Z00002,0.0,0.0,0.0,4.2.1.3
RZ_106,forward,KEGG,,C14818 => Z00015,C14818,Z00015,0.0,0.0,0.0,
R00479_v1,reverse,KEGG (Modified),Mg,C00042 + C00048 + Z00029 => C00311 + Z00029,C00042 + C00048 + Z00029,C00311 + Z00029,0.0,0.0,0.0,4.1.3.1
R00522_v1,forward,KEGG (Modified),Mn,C00209 + Z00030 => C00058 + C00011 + Z00030,C00209 + Z00030,C00058 + C00011 + Z00030,0.0,0.0,0.0,4.1.1.2
RZ_107,forward,KEGG,,C14819 => Z00015,C14819,Z00015,0.0,0.0,0.0,
RZ_144,forward,KEGG,Fe,C00283 + Z00015 => Z00063,C00283 + Z00015,Z00063,0.0,0.0,0.0,
R00470_v1,forward,KEGG (Modified),Mg,C01127 + Z00029 => C00022 + C00048 + Z00029,C01127 + Z00029,C00022 + C00048 + Z00029,0.0,0.0,0.0,"4.1.3.16, 4.1.3.42"
R00470_v1,reverse,KEGG (Modified),Mg,C00022 + C00048 + Z00029 => C01127 + Z00029,C00022 + C00048 + Z00029,C01127 + Z00029,0.0,0.0,0.0,"4.1.3.16, 4.1.3.42"
R00476_v1,forward,KEGG (Modified),4Fe4S,C00160 + C00028 + Z00002 => C00048 + C00030 + Z00002,C00160 + C00028 + Z00002,C00048 + C00030 + Z00002,0.0,0.0,0.0,1.1.99.14
R00479_v1,forward,KEGG (Modified),Mg,C00311 + Z00029 => C00042 + C00048 + Z00029,C00311 + Z00029,C00042 + C00048 + Z00029,0.0,0.0,0.0,4.1.3.1
RZ_492,forward,KEGG,,C01330 => Z00060,C01330,Z00060,0.0,0.0,0.0,
RZ_508,forward,KEGG,,C00038 => Z00069,C00038,Z00069,0.0,0.0,0.0,
RZ_341,forward,KEGG,,C19609 => Z00034,C19609,Z00034,0.0,0.0,0.0,
RZ_502,forward,KEGG,,C06232 => Z00064,C06232,Z00064,0.0,0.0,0.0,
R00338_v1,forward,KEGG (Modified),Co,C00036 + C00001 + Z00006 => C00209 + C00033 + Z00006,C00036 + C00001 + Z00006,C00209 + C00033 + Z00006,0.0,0.0,0.0,3.7.1.1
RZ_3,forward,KEGG,Fe,C00283 + Z00015 => Z00001,C00283 + Z00015,Z00001,0.0,0.0,0.0,
RZ_304,forward,KEGG,,C00305 => Z00029,C00305,Z00029,0.0,0.0,0.0,
RZ_340,forward,KEGG,,C01330 => Z00033,C01330,Z00033,0.0,0.0,0.0,
RZ_480,forward,KEGG,,C20679 => Z00053,C20679,Z00053,0.0,0.0,0.0,
RZ_481,forward,KEGG,,C00038 => Z00054,C00038,Z00054,0.0,0.0,0.0,
RZ_273,forward,KEGG,,C00238 => Z00026,C00238,Z00026,0.0,1.0,0.5,
RZ_423,forward,KEGG,,C01528 => Z00042,C01528,Z00042,0.0,1.0,0.5,
RZ_424,forward,KEGG,,C01528 => Z00043,C01528,Z00043,0.0,1.0,0.5,
RZ_388,forward,KEGG,,C00022 => Z00039,C00022,Z00039,0.0,1.0,0.5,
R00321,reverse,KEGG,,C00033 + C00014 => C06244 + C00001,C00033 + C00014,C06244 + C00001,0.0,1.0,0.5,3.5.1.4
R00339_v1,reverse,KEGG (Modified),"Fe, Generic FeS",C00036 + C00001 + Z00063 + Z00015 => C00898 + Z00063 + Z00015,C00036 + C00001 + Z00063 + Z00015,C00898 + Z00063 + Z00015,0.0,1.0,0.5,4.2.1.32
R00471_v1,reverse,KEGG (Modified),Mg,C00022 + C00048 + Z00029 => C05946 + Z00029,C00022 + C00048 + Z00029,C05946 + Z00029,0.0,1.0,0.5,4.1.3.16
R00477,reverse,KEGG,,C00036 + C00048 => C01990,C00036 + C00048,C01990,0.0,1.0,0.5,4.1.3.13
R06131_v4,reverse,KEGG (Modified),M2,C00161 + C00014 + Z00069 => C05167 + Z00069,C00161 + C00014 + Z00069,C05167 + Z00069,0.0,1.0,0.5,"4.3.1.17, 4.3.1.18, 4.3.1.19, 4.3.1.20"
R07316,reverse,KEGG,,C00014 + C00011 => C01563,C00014 + C00011,C01563,0.0,1.0,0.5,"3.5.1.110, 4.2.1.104"
R02243,forward,KEGG,,C00417 => C00490 + C00011,C00417,C00490 + C00011,0.0,1.0,0.5,4.1.1.6
R02244,reverse,KEGG,,C00417 => C02341,C00417,C02341,0.0,1.0,0.5,5.3.3.7
R01854,reverse,KEGG,,C00071 + C00014 + C00030 => C00375 + C00001 + C00028,C00071 + C00014 + C00030,C00375 + C00001 + C00028,0.0,1.0,0.5,
R00490,reverse,KEGG,,C00122 + C00014 => C00049,C00122 + C00014,C00049,0.0,1.0,0.5,4.3.1.1
R03597,forward,KEGG,,3C00028 + 3C00001 + C01528 => 3C00030 + 2C00080 + C05684,3C00028 + 3C00001 + C01528,3C00030 + 2C00080 + C05684,0.0,1.0,0.5,1.8.99.-
R03693,reverse,KEGG,,C01732 + C00001 => C02614,C01732 + C00001,C02614,0.0,1.0,0.5,4.2.1.34
R03694,forward,KEGG,,C01732 + C00001 => C06029,C01732 + C00001,C06029,0.0,1.0,0.5,
R00268_v3,reverse,KEGG (Modified),Zn,C00026 + C00011 + Z00054 => C05379 + Z00054,C00026 + C00011 + Z00054,C05379 + Z00054,0.0,1.0,0.5,1.1.1.42
R00269,reverse,KEGG,,C00026 + C00014 => C00940 + C00001,C00026 + C00014,C00940 + C00001,0.0,1.0,0.5,"3.5.1.3, 3.5.1.111"
R10079,reverse,KEGG,,2C00011 + C00014 => C01417 + C00288 + C00080,2C00011 + C00014,C01417 + C00288 + C00080,0.0,1.0,0.5,4.2.1.104
R10283_v1,reverse,KEGG (Modified),Mg,C00022 + C00048 + Z00029 => C20485 + Z00029,C00022 + C00048 + Z00029,C20485 + Z00029,0.0,1.0,0.5,"4.1.3.16, 4.1.3.42"
R09683_v1,reverse,KEGG (Modified),Co,C00036 + C00014 + Z00006 => C19813 + Z00006,C00036 + C00014 + Z00006,C19813 + Z00006,0.0,1.0,0.5,4.3.1.27
R09683_v2,reverse,KEGG (Modified),Ni,C00036 + C00014 + Z00034 => C19813 + Z00034,C00036 + C00014 + Z00034,C19813 + Z00034,0.0,1.0,0.5,4.3.1.27
R09683_v3,reverse,KEGG (Modified),Mn,C00036 + C00014 + Z00030 => C19813 + Z00030,C00036 + C00014 + Z00030,C19813 + Z00030,0.0,1.0,0.5,4.3.1.27
R09683_v4,reverse,KEGG (Modified),M2,C00036 + C00014 + Z00069 => C19813 + Z00069,C00036 + C00014 + Z00069,C19813 + Z00069,0.0,1.0,0.5,4.3.1.27
R00218,reverse,KEGG,,C00022 + C00011 => C03248 + C00001,C00022 + C00011,C03248 + C00001,0.0,1.0,0.5,4.1.1.78
R00219,forward,KEGG,,C00022 + C00011 => C03981,C00022 + C00011,C03981,0.0,1.0,0.5,4.1.1.-
R00348,reverse,KEGG,,C00036 + C00014 => C02362 + C00001,C00036 + C00014,C02362 + C00001,0.0,1.0,0.5,3.5.1.3
R00350_v1,reverse,KEGG (Modified),M2,C00036 + C00022 + Z00069 => C04115 + Z00069,C00036 + C00022 + Z00069,C04115 + Z00069,0.0,1.0,0.5,4.1.3.17
R00350_v2,reverse,KEGG (Modified),Mg,C00036 + C00022 + Z00029 => C04115 + Z00029,C00036 + C00022 + Z00029,C04115 + Z00029,0.0,1.0,0.5,4.1.3.17
R00350_v3,reverse,KEGG (Modified),Zn,C00036 + C00022 + Z00054 => C04115 + Z00054,C00036 + C00022 + Z00054,C04115 + Z00054,0.0,1.0,0.5,4.1.3.17
R00363,forward,KEGG,,C00036 => C03981,C00036,C03981,0.0,1.0,0.5,5.3.2.2
R12185,forward,KEGG,,C00014 + C00288 => C01563 + C00001,C00014 + C00288,C01563 + C00001,0.0,1.0,0.5,"2.7.2.2, 3.5.1.5"
R11617,reverse,KEGG,,C00209 + C00014 => C01444 + C00001,C00209 + C00014,C01444 + C00001,0.0,1.0,0.5,3.5.1.126
R00224,forward,KEGG,,C00022 => C00084 + C00011,C00022,C00084 + C00011,0.0,1.0,0.5,4.1.1.1
R01087,reverse,KEGG,,C00122 => C01384,C00122,C01384,0.0,1.0,0.5,5.2.1.1
R01324_v1,reverse,KEGG (Modified),4Fe4S,C00311 + Z00002 => C00158 + Z00002,C00311 + Z00002,C00158 + Z00002,0.0,1.0,0.5,4.2.1.3
R01325_v1,reverse,KEGG (Modified),4Fe4S,C00417 + C00001 + Z00002 => C00158 + Z00002,C00417 + C00001 + Z00002,C00158 + Z00002,0.0,1.0,0.5,4.2.1.3
R06131_v3,reverse,KEGG (Modified),Mg,C00161 + C00014 + Z00029 => C05167 + Z00029,C00161 + C00014 + Z00029,C05167 + Z00029,0.0,1.0,0.5,"4.3.1.17, 4.3.1.18, 4.3.1.19, 4.3.1.20"
R00268_v1,reverse,KEGG (Modified),Mn,C00026 + C00011 + Z00030 => C05379 + Z00030,C00026 + C00011 + Z00030,C05379 + Z00030,0.0,1.0,0.5,1.1.1.42
R00268_v2,reverse,KEGG (Modified),Mg,C00026 + C00011 + Z00029 => C05379 + Z00029,C00026 + C00011 + Z00029,C05379 + Z00029,0.0,1.0,0.5,1.1.1.42
R00628,reverse,KEGG,,C00069 + C00033 => C01883 + C00001,C00069 + C00033,C01883 + C00001,0.0,1.0,0.5,3.1.1.6
R00132_v2,reverse,KEGG (Modified),Zn,C00011 + C00001 + Z00054 => C01353 + Z00054,C00011 + C00001 + Z00054,C01353 + Z00054,0.0,1.0,0.5,4.2.1.1
R00340_v2,reverse,KEGG (Modified),Mn,C00036 + C00001 + Z00030 => C02107 + Z00030,C00036 + C00001 + Z00030,C02107 + Z00030,0.0,1.0,0.5,4.2.1.81
R00340_v3,reverse,KEGG (Modified),Mg,C00036 + C00001 + Z00029 => C02107 + Z00029,C00036 + C00001 + Z00029,C02107 + Z00029,0.0,1.0,0.5,4.2.1.81
R00345_v1,forward,KEGG (Modified),Mn,C00009 + C00036 + Z00030 => C00001 + C00074 + C00011 + Z00030,C00009 + C00036 + Z00030,C00001 + C00074 + C00011 + Z00030,0.0,1.0,0.5,4.1.1.31
R00345_v2,forward,KEGG (Modified),Mg,C00009 + C00036 + Z00029 => C00001 + C00074 + C00011 + Z00029,C00009 + C00036 + Z00029,C00001 + C00074 + C00011 + Z00029,0.0,1.0,0.5,4.1.1.31
R00347_v1,reverse,KEGG (Modified),Mn,C00036 + C00014 + Z00030 => C03961 + Z00030,C00036 + C00014 + Z00030,C03961 + Z00030,0.0,1.0,0.5,4.3.1.20
R00347_v2,reverse,KEGG (Modified),Ca,C00036 + C00014 + Z00055 => C03961 + Z00055,C00036 + C00014 + Z00055,C03961 + Z00055,0.0,1.0,0.5,4.3.1.20
R00347_v3,reverse,KEGG (Modified),Mg,C00036 + C00014 + Z00029 => C03961 + Z00029,C00036 + C00014 + Z00029,C03961 + Z00029,0.0,1.0,0.5,4.3.1.20
R00347_v4,reverse,KEGG (Modified),M2,C00036 + C00014 + Z00069 => C03961 + Z00069,C00036 + C00014 + Z00069,C03961 + Z00069,0.0,1.0,0.5,4.3.1.20
R00132_v1,reverse,KEGG (Modified),Co,C00011 + C00001 + Z00006 => C01353 + Z00006,C00011 + C00001 + Z00006,C01353 + Z00006,0.0,1.0,0.5,4.2.1.1
R08698,reverse,KEGG,,C00022 + C00014 => C02218 + C00001,C00022 + C00014,C02218 + C00001,0.0,1.0,0.5,
R01336,reverse,KEGG,,C00122 + C00160 => C03600,C00122 + C00160,C03600,0.0,1.0,0.5,4.2.99.12
R00004_v1,reverse,KEGG (Modified),Mn,2C00009 + Z00030 => C00013 + C00001 + Z00030,2C00009 + Z00030,C00013 + C00001 + Z00030,0.0,1.0,0.5,3.6.1.1
R00004_v2,reverse,KEGG (Modified),Mg,2C00009 + Z00029 => C00013 + C00001 + Z00029,2C00009 + Z00029,C00013 + C00001 + Z00029,0.0,1.0,0.5,3.6.1.1
R00340_v1,reverse,KEGG (Modified),Fe,C00036 + C00001 + Z00015 => C02107 + Z00015,C00036 + C00001 + Z00015,C02107 + Z00015,0.0,1.0,0.5,4.2.1.81
R00008_v3,reverse,KEGG (Modified),Zn,2C00022 + Z00054 => C06033 + Z00054,2C00022 + Z00054,C06033 + Z00054,0.0,1.0,0.5,4.1.3.17
R00008_v2,reverse,KEGG (Modified),Mg,2C00022 + Z00029 => C06033 + Z00029,2C00022 + Z00029,C06033 + Z00029,0.0,1.0,0.5,4.1.3.17
R00008_v1,reverse,KEGG (Modified),M2,2C00022 + Z00069 => C06033 + Z00069,2C00022 + Z00069,C06033 + Z00069,0.0,1.0,0.5,4.1.3.17
RZ_394,forward,KEGG,,C06033 => Z00039,C06033,Z00039,1.0,1.0,1.0,
R00200_gATP_v2,forward,KEGG (Modified),"K, Mg",C00022 + C00013 + Z00026 + Z00029 => C00074 + C00009 + Z00026 + Z00029,C00022 + C00013 + Z00026 + Z00029,C00074 + C00009 + Z00026 + Z00029,1.0,1.0,1.0,2.7.1.40
R00200_gATP_v1,reverse,KEGG (Modified),M2,C00074 + C00009 + Z00069 => C00022 + C00013 + Z00069,C00074 + C00009 + Z00069,C00022 + C00013 + Z00069,1.0,1.0,1.0,2.7.1.40
R00200_gATP_v1,forward,KEGG (Modified),M2,C00022 + C00013 + Z00069 => C00074 + C00009 + Z00069,C00022 + C00013 + Z00069,C00074 + C00009 + Z00069,1.0,1.0,1.0,2.7.1.40
R00200_gATP_v2,reverse,KEGG (Modified),"K, Mg",C00074 + C00009 + Z00026 + Z00029 => C00022 + C00013 + Z00026 + Z00029,C00074 + C00009 + Z00026 + Z00029,C00022 + C00013 + Z00026 + Z00029,1.0,1.0,1.0,2.7.1.40
R00430_gGTP_v2,reverse,KEGG (Modified),"K, Mg",C00074 + C00009 + Z00026 + Z00029 => C00022 + C00013 + Z00026 + Z00029,C00074 + C00009 + Z00026 + Z00029,C00022 + C00013 + Z00026 + Z00029,1.0,1.0,1.0,2.7.1.40
R03546,forward,KEGG,,C01417 + C00080 + C00288 => C00011 + C01563,C01417 + C00080 + C00288,C00011 + C01563,1.0,1.0,1.0,4.2.1.104
R00493,forward,KEGG,,C00049 + C00161 => C05167 + C00036,C00049 + C00161,C05167 + C00036,1.0,1.0,1.0,2.6.1.-
R04177,forward,KEGG,,C03981 => C03248 + C00001,C03981,C03248 + C00001,1.0,1.0,1.0,4.1.1.78
R03546,reverse,KEGG,,C00011 + C01563 => C01417 + C00080 + C00288,C00011 + C01563,C01417 + C00080 + C00288,1.0,1.0,1.0,4.2.1.104
R00430_gGTP_v2,forward,KEGG (Modified),"K, Mg",C00022 + C00013 + Z00026 + Z00029 => C00074 + C00009 + Z00026 + Z00029,C00022 + C00013 + Z00026 + Z00029,C00074 + C00009 + Z00026 + Z00029,1.0,1.0,1.0,2.7.1.40
R00346,reverse,KEGG,,C00009 + C00074 + C00011 => C00013 + C00036,C00009 + C00074 + C00011,C00013 + C00036,1.0,1.0,1.0,4.1.1.38
RZ_383,forward,KEGG,,C00074 => Z00039,C00074,Z00039,1.0,1.0,1.0,
R00430_gGTP_v1,reverse,KEGG (Modified),M2,C00074 + C00009 + Z00069 => C00022 + C00013 + Z00069,C00074 + C00009 + Z00069,C00022 + C00013 + Z00069,1.0,1.0,1.0,2.7.1.40
R11749,forward,KEGG,,C02341 => C00490 + C00011,C02341,C00490 + C00011,1.0,1.0,1.0,4.1.1.113
R11749,reverse,KEGG,,C00490 + C00011 => C02341,C00490 + C00011,C02341,1.0,1.0,1.0,4.1.1.113
R00346,forward,KEGG,,C00013 + C00036 => C00009 + C00074 + C00011,C00013 + C00036,C00009 + C00074 + C00011,1.0,1.0,1.0,4.1.1.38
R00430_gGTP_v1,forward,KEGG (Modified),M2,C00022 + C00013 + Z00069 => C00074 + C00009 + Z00069,C00022 + C00013 + Z00069,C00074 + C00009 + Z00069,1.0,1.0,1.0,2.7.1.40
R00486,reverse,KEGG,,C00049 + C00014 => 2C00001 + C02512,C00049 + C00014,2C00001 + C02512,1.0,2.0,1.5,3.5.5.4
R09717_v2,forward,KEGG (Modified),Mn,C19813 + Z00030 => C00037 + C00048 + Z00030,C19813 + Z00030,C00037 + C00048 + Z00030,1.0,2.0,1.5,4.1.3.41
R00658_v1,reverse,KEGG (Modified),Mg,C00074 + C00001 + Z00029 => C00631 + Z00029,C00074 + C00001 + Z00029,C00631 + Z00029,1.0,2.0,1.5,4.2.1.11
R09717_v4,forward,KEGG (Modified),M2,C19813 + Z00069 => C00037 + C00048 + Z00069,C19813 + Z00069,C00037 + C00048 + Z00069,1.0,2.0,1.5,4.1.3.41
R00489_v2,forward,KEGG (Modified),Pyruvoyl,C00049 + Z00039 => C00099 + C00011 + Z00039,C00049 + Z00039,C00099 + C00011 + Z00039,1.0,2.0,1.5,"4.1.1.11, 4.1.1.15"
R00488_v1,reverse,KEGG (Modified),Zn,C00033 + C00049 + Z00054 => C01042 + C00001 + Z00054,C00033 + C00049 + Z00054,C01042 + C00001 + Z00054,1.0,2.0,1.5,3.5.1.15
R06973,reverse,KEGG,,C00084 + C00011 => C00222,C00084 + C00011,C00222,1.0,2.0,1.5,"4.1.1.-, 4.2.1.155"
R00485,reverse,KEGG,,C00049 + C00014 => C00152 + C00001,C00049 + C00014,C00152 + C00001,1.0,2.0,1.5,"3.5.1.1, 3.5.1.38, 3.5.5.4"
R02546,forward,KEGG,,C00898 => C00552,C00898,C00552,1.0,2.0,1.5,5.1.2.5
R09717_v1,forward,KEGG (Modified),Co,C19813 + Z00006 => C00037 + C00048 + Z00006,C19813 + Z00006,C00037 + C00048 + Z00006,1.0,2.0,1.5,4.1.3.41
R02419,reverse,KEGG,,C01384 + C00001 => C00497,C01384 + C00001,C00497,1.0,2.0,1.5,4.2.1.31
R00661_v1,forward,KEGG (Modified),Mg,C00074 + Z00029 => C02798 + Z00029,C00074 + Z00029,C02798 + Z00029,1.0,2.0,1.5,5.4.2.9
R09717_v3,forward,KEGG (Modified),Mg,C19813 + Z00029 => C00037 + C00048 + Z00029,C19813 + Z00029,C00037 + C00048 + Z00029,1.0,2.0,1.5,4.1.3.41
R00753,reverse,KEGG,,C00058 + C00084 => C00186,C00058 + C00084,C00186,1.0,2.0,1.5,4.1.2.36
R04781_v1,forward,KEGG (Modified),Mn,C04115 + Z00030 => C05364 + C00001 + Z00030,C04115 + Z00030,C05364 + C00001 + Z00030,1.0,2.0,1.5,4.2.1.80
LAO_FM,forward,Manual,,C00049 + C00122 => C05840 + C00042,C00049 + C00122,C05840 + C00042,1.0,2.0,1.5,
R11750,forward,KEGG,,C00490 => C21632,C00490,C21632,1.0,2.0,1.5,
R04399,forward,KEGG,,C04115 => C04324 + C00001,C04115,C04324 + C00001,1.0,2.0,1.5,4.2.1.-
R05078,forward,KEGG,,C06033 => C06035 + C00001,C06033,C06035 + C00001,1.0,2.0,1.5,4.2.1.-
R03995,reverse,KEGG,,C06033 + C00001 => C02612 + C00011,C06033 + C00001,C02612 + C00011,1.0,2.0,1.5,
R03540,forward,KEGG,,C01384 + C00014 => C01596 + C00001,C01384 + C00014,C01596 + C00001,1.0,2.0,1.5,3.5.1.107
R04478_v1,forward,KEGG (Modified),Zn,C04115 + Z00054 => C04434 + C00001 + Z00054,C04115 + Z00054,C04434 + C00001 + Z00054,1.0,2.0,1.5,4.2.1.83
R00320,forward,KEGG,,C00013 + C00033 => C00009 + C00227,C00013 + C00033,C00009 + C00227,1.0,2.0,1.5,2.7.2.12
R04781_v2,forward,KEGG (Modified),M2,C04115 + Z00069 => C05364 + C00001 + Z00069,C04115 + Z00069,C05364 + C00001 + Z00069,1.0,2.0,1.5,4.2.1.80
R01267,forward,KEGG,,C00152 => C02512 + C00001,C00152,C02512 + C00001,2.0,2.0,2.0,"3.5.5.4, 4.2.1.65"
R07839,reverse,KEGG,,C04324 => C04434,C04324,C04434,2.0,2.0,2.0,5.3.2.8
R07839,forward,KEGG,,C04434 => C04324,C04434,C04324,2.0,2.0,2.0,5.3.2.8
R04482_v1,reverse,KEGG (Modified),Mg,C04324 + Z00029 => C05364 + Z00029,C04324 + Z00029,C05364 + Z00029,2.0,2.0,2.0,5.3.3.10
R04482_v1,forward,KEGG (Modified),Mg,C05364 + Z00029 => C04324 + Z00029,C05364 + Z00029,C04324 + Z00029,2.0,2.0,2.0,5.3.3.10
R03896_v1,forward,KEGG (Modified),Fe,C02612 + Z00015 => C02226 + C00001 + Z00015,C02612 + Z00015,C02226 + C00001 + Z00015,2.0,3.0,2.5,4.2.1.35
R02547,reverse,KEGG,,C00552 => C03548 + C00001,C00552,C03548 + C00001,2.0,3.0,2.5,3.3.2.4
R05781,reverse,KEGG,,C01596 => C07272 + C00001,C01596,C07272 + C00001,2.0,3.0,2.5,3.5.2.16
R09983,reverse,KEGG,,C00222 + C00014 => C20253 + C00001,C00222 + C00014,C20253 + C00001,2.0,3.0,2.5,3.5.1.-
R09718_v4,reverse,KEGG (Modified),M2,C00037 + C00048 + Z00069 => C19838 + Z00069,C00037 + C00048 + Z00069,C19838 + Z00069,2.0,3.0,2.5,4.1.3.41
R09718_v3,reverse,KEGG (Modified),Mg,C00037 + C00048 + Z00029 => C19838 + Z00029,C00037 + C00048 + Z00029,C19838 + Z00029,2.0,3.0,2.5,4.1.3.41
R09718_v2,reverse,KEGG (Modified),Mn,C00037 + C00048 + Z00030 => C19838 + Z00030,C00037 + C00048 + Z00030,C19838 + Z00030,2.0,3.0,2.5,4.1.3.41
R09718_v1,reverse,KEGG (Modified),Co,C00037 + C00048 + Z00006 => C19838 + Z00006,C00037 + C00048 + Z00006,C19838 + Z00006,2.0,3.0,2.5,4.1.3.41
R00909,reverse,KEGG,,C00033 + C00099 => C01073 + C00001,C00033 + C00099,C01073 + C00001,2.0,3.0,2.5,3.5.1.21
R09648,reverse,KEGG,,C00099 + C00014 => C19779 + C00001,C00099 + C00014,C19779 + C00001,2.0,3.0,2.5,3.5.1.100
R09532,reverse,KEGG,,C00631 + C00009 => C01159 + C00001,C00631 + C00009,C01159 + C00001,2.0,3.0,2.5,3.1.3.80
R01450_v1,forward,KEGG (Modified),Ni,C00186 + Z00034 => C00256 + Z00034,C00186 + Z00034,C00256 + Z00034,2.0,3.0,2.5,5.1.2.1
R01611,forward,KEGG,,C00222 => C00804 + C00001,C00222,C00804 + C00001,2.0,3.0,2.5,4.2.1.27
R06614,forward,KEGG,,C02512 => C05670 + C00011,C02512,C05670 + C00011,2.0,3.0,2.5,4.1.1.-
R00916,forward,KEGG,,C00099 => C05669,C00099,C05669,2.0,3.0,2.5,
R00915,forward,KEGG,,C00099 => C03722,C00099,C03722,2.0,3.0,2.5,
R09126,reverse,KEGG,,C01596 + C00058 => C18232 + C00001,C01596 + C00058,C18232 + C00001,2.0,3.0,2.5,3.5.1.106
R01518_v1,forward,KEGG (Modified),Co,C00631 + Z00006 => C00197 + Z00006,C00631 + Z00006,C00197 + Z00006,2.0,3.0,2.5,"5.4.2.11, 5.4.2.12"
R01748,forward,KEGG,,C00631 + C00001 => C00258 + C00009,C00631 + C00001,C00258 + C00009,2.0,3.0,2.5,3.1.3.20
R01518_v3,forward,KEGG (Modified),Mg,C00631 + Z00029 => C00197 + Z00029,C00631 + Z00029,C00197 + Z00029,2.0,3.0,2.5,"5.4.2.11, 5.4.2.12"
R01518_v2,forward,KEGG (Modified),Mn,C00631 + Z00030 => C00197 + Z00030,C00631 + Z00030,C00197 + Z00030,2.0,3.0,2.5,"5.4.2.11, 5.4.2.12"
R00917,forward,KEGG,,C00099 + C00014 => 2C00001 + C05670,C00099 + C00014,2C00001 + C05670,2.0,3.0,2.5,
R01511,reverse,KEGG,,C00258 + C00009 => C00197 + C00001,C00258 + C00009,C00197 + C00001,3.0,3.0,3.0,3.1.3.38
R01511,forward,KEGG,,C00197 + C00001 => C00258 + C00009,C00197 + C00001,C00258 + C00009,3.0,3.0,3.0,3.1.3.38
R03898_v1,forward,KEGG (Modified),Fe,C02226 + C00001 + Z00015 => C06032 + Z00015,C02226 + C00001 + Z00015,C06032 + Z00015,3.0,4.0,3.5,4.2.1.35
R00024_v1,reverse,KEGG (Modified),Mg,2C00197 + Z00029 => C01182 + C00011 + C00001 + Z00029,2C00197 + Z00029,C01182 + C00011 + C00001 + Z00029,3.0,4.0,3.5,4.1.1.39
R09100,reverse,KEGG,,C00197 => C00354,C00197,C00354,3.0,4.0,3.5,
R03897,forward,KEGG,,C02226 + C00001 => C06031,C02226 + C00001,C06031,3.0,4.0,3.5,
R00762_v1,forward,KEGG (Modified),Mn,C00354 + C00001 + Z00030 => C00085 + C00009 + Z00030,C00354 + C00001 + Z00030,C00085 + C00009 + Z00030,4.0,5.0,4.5,3.1.3.11
R10555,reverse,KEGG,,C01182 => C01151,C01182,C01151,4.0,5.0,4.5,5.3.1.29
R00764_v2,reverse,KEGG (Modified),Mn,C00009 + C00354 + Z00030 => C00013 + C00085 + Z00030,C00009 + C00354 + Z00030,C00013 + C00085 + Z00030,4.0,5.0,4.5,2.7.1.90
R00764_v3,reverse,KEGG (Modified),Mg,C00009 + C00354 + Z00029 => C00013 + C00085 + Z00029,C00009 + C00354 + Z00029,C00013 + C00085 + Z00029,4.0,5.0,4.5,2.7.1.90
R00764_v1,reverse,KEGG (Modified),Ni,C00009 + C00354 + Z00034 => C00013 + C00085 + Z00034,C00009 + C00354 + Z00034,C00013 + C00085 + Z00034,4.0,5.0,4.5,2.7.1.90
R00762_v2,forward,KEGG (Modified),Mg,C00354 + C00001 + Z00029 => C00085 + C00009 + Z00029,C00354 + C00001 + Z00029,C00085 + C00009 + Z00029,4.0,5.0,4.5,3.1.3.11
R01068_v1,forward,KEGG (Modified),Zn,C00354 + Z00054 => C00111 + C00118 + Z00054,C00354 + Z00054,C00111 + C00118 + Z00054,4.0,5.0,4.5,4.1.2.13
R01015,forward,KEGG,,C00118 => C00111,C00118,C00111,5.0,5.0,5.0,5.3.1.1
R01015,reverse,KEGG,,C00111 => C00118,C00111,C00118,5.0,5.0,5.0,5.3.1.1
R11623,reverse,KEGG,,C00085 => C01097,C00085,C01097,5.0,6.0,5.5,5.1.3.40
R00771_v1,reverse,KEGG (Modified),Fe,C00085 + Z00015 => C00092 + Z00015,C00085 + Z00015,C00092 + Z00015,5.0,6.0,5.5,5.3.1.9
R00765,reverse,KEGG,,C00085 + C00014 => C00352 + C00001,C00085 + C00014,C00352 + C00001,5.0,6.0,5.5,3.5.99.6
R01010_v4,forward,KEGG (Modified),Zn,C00111 + C00001 + Z00054 => C00184 + C00009 + Z00054,C00111 + C00001 + Z00054,C00184 + C00009 + Z00054,5.0,6.0,5.5,"3.1.3.1, 3.1.3.2"
R01012_v1,reverse,KEGG (Modified),Mg,C00022 + C00111 + Z00029 => C00074 + C00184 + Z00029,C00022 + C00111 + Z00029,C00074 + C00184 + Z00029,5.0,6.0,5.5,2.7.1.121
R01016,forward,KEGG,,C00111 => C00546 + C00009,C00111,C00546 + C00009,5.0,6.0,5.5,4.2.3.3
R10205_v1,reverse,KEGG (Modified),"Mn, Zn",C01151 + Z00030 + Z00054 => C20440 + C00001 + Z00030 + Z00054,C01151 + Z00030 + Z00054,C20440 + C00001 + Z00030 + Z00054,5.0,6.0,5.5,3.1.4.55
R05605,reverse,KEGG,,C00118 + C00022 => C04442,C00118 + C00022,C04442,5.0,6.0,5.5,"4.1.2.14, 4.1.2.55"
R05339,reverse,KEGG,,C00085 => C06019,C00085,C06019,5.0,6.0,5.5,5.3.1.27
R05378_v1,reverse,KEGG (Modified),Zn,C00222 + C00111 + Z00054 => C06893 + Z00054,C00222 + C00111 + Z00054,C06893 + Z00054,5.0,6.0,5.5,4.1.2.29
R01064,reverse,KEGG,,C00022 + C00118 => C01286,C00022 + C00118,C01286,5.0,6.0,5.5,"4.1.2.21, 4.1.2.55"
R00772_v2,reverse,KEGG (Modified),Zn,C00085 + Z00054 => C00275 + Z00054,C00085 + Z00054,C00275 + Z00054,5.0,6.0,5.5,5.3.1.8
R00772_v1,reverse,KEGG (Modified),Co,C00085 + Z00006 => C00275 + Z00006,C00085 + Z00006,C00275 + Z00006,5.0,6.0,5.5,5.3.1.8
R01070_v1,reverse,KEGG (Modified),Zn,C00111 + C00118 + Z00054 => C05378 + Z00054,C00111 + C00118 + Z00054,C05378 + Z00054,5.0,6.0,5.5,4.1.2.13
R01523_gATP_v1,reverse,KEGG (Modified),Mn,C01182 + C00009 + Z00030 => C00199 + C00013 + Z00030,C01182 + C00009 + Z00030,C00199 + C00013 + Z00030,4.0,7.0,5.5,2.7.1.19
R01523_gATP_v2,reverse,KEGG (Modified),Mg,C01182 + C00009 + Z00029 => C00199 + C00013 + Z00029,C01182 + C00009 + Z00029,C00199 + C00013 + Z00029,4.0,7.0,5.5,2.7.1.19
R01066,reverse,KEGG,,C00118 + C00084 => C00673,C00118 + C00084,C00673,5.0,6.0,5.5,4.1.2.4
R01069_v2,reverse,KEGG (Modified),Zn,C00111 + C00118 + Z00054 => C03785 + Z00054,C00111 + C00118 + Z00054,C03785 + Z00054,5.0,6.0,5.5,4.1.2.40
R01069_v1,reverse,KEGG (Modified),M2,C00111 + C00118 + Z00069 => C03785 + Z00069,C00111 + C00118 + Z00069,C03785 + Z00069,5.0,6.0,5.5,4.1.2.40
R01010_v1,forward,KEGG (Modified),"Fe, Mg",C00111 + C00001 + Z00029 + C00111 + C00001 + Z00015 => C00184 + C00009 + Z00029 + C00184 + C00009 + Z00015,C00111 + C00001 + Z00029 + C00111 + C00001 + Z00015,C00184 + C00009 + Z00029 + C00184 + C00009 + Z00015,5.0,6.0,5.5,"3.1.3.1, 3.1.3.2"
R01010_v2,forward,KEGG (Modified),Cu,C00111 + C00001 + Z00070 => C00184 + C00009 + Z00070,C00111 + C00001 + Z00070,C00184 + C00009 + Z00070,5.0,6.0,5.5,"3.1.3.1, 3.1.3.2"
R12612_v1,reverse,KEGG (Modified),Co,C00111 + C00084 + Z00006 => C22280 + Z00006,C00111 + C00084 + Z00006,C22280 + Z00006,5.0,6.0,5.5,4.1.2.62
R01010_v3,forward,KEGG (Modified),Mg,C00111 + C00001 + Z00029 => C00184 + C00009 + Z00029,C00111 + C00001 + Z00029,C00184 + C00009 + Z00029,5.0,6.0,5.5,"3.1.3.1, 3.1.3.2"
R12612_v2,reverse,KEGG (Modified),M2,C00111 + C00084 + Z00069 => C22280 + Z00069,C00111 + C00084 + Z00069,C22280 + Z00069,5.0,6.0,5.5,4.1.2.62
R10935,reverse,KEGG,,2C00118 => 2C00001 + C20954 + C00009,2C00118,2C00001 + C20954 + C00009,5.0,6.0,5.5,4.2.3.153
R11716_v1,reverse,KEGG (Modified),Zn,C00111 + C00011 + Z00054 => C21611 + Z00054,C00111 + C00011 + Z00054,C21611 + Z00054,5.0,6.0,5.5,4.1.1.104
R11717_v1,reverse,KEGG (Modified),Zn,C00111 + C00011 + Z00054 => C21610 + Z00054,C00111 + C00011 + Z00054,C21610 + Z00054,5.0,6.0,5.5,4.1.1.104
R12220,forward,KEGG,,C00352 => C06377,C00352,C06377,6.0,7.0,6.5,5.1.3.42
R10972_v1,forward,KEGG (Modified),Mn,C20440 + C00001 + Z00030 => C20986 + Z00030,C20440 + C00001 + Z00030,C20986 + Z00030,6.0,7.0,6.5,3.1.4.57
R01819_v2,forward,KEGG (Modified),Zn,C00275 + Z00054 => C05345 + Z00054,C00275 + Z00054,C05345 + Z00054,6.0,7.0,6.5,5.3.1.8
R08365,reverse,KEGG,,C01097 + C00014 => C06377 + C00001,C01097 + C00014,C06377 + C00001,6.0,7.0,6.5,3.5.99.-
R08639_v1,reverse,KEGG (Modified),Mg,C00092 + Z00029 => C00103 + Z00029,C00092 + Z00029,C00103 + Z00029,6.0,7.0,6.5,"5.4.2.2, 5.4.2.5"
R08639_v2,reverse,KEGG (Modified),Zn,C00092 + Z00054 => C00103 + Z00054,C00092 + Z00054,C00103 + Z00054,6.0,7.0,6.5,"5.4.2.2, 5.4.2.5"
R01818_v1,forward,KEGG (Modified),Mg,C00275 + Z00029 => C00636 + Z00029,C00275 + Z00029,C00636 + Z00029,6.0,7.0,6.5,5.4.2.8
R01819_v1,forward,KEGG (Modified),Co,C00275 + Z00006 => C05345 + Z00006,C00275 + Z00006,C05345 + Z00006,6.0,7.0,6.5,5.3.1.8
R10049,forward,KEGG,,C00546 + C00354 => C00118 + C16848,C00546 + C00354,C00118 + C16848,6.0,7.0,6.5,2.2.1.11
R02059_v1,reverse,KEGG (Modified),Ni,C00352 + C00033 + Z00034 => C00357 + C00001 + Z00034,C00352 + C00033 + Z00034,C00357 + C00001 + Z00034,6.0,7.0,6.5,3.5.1.25
R02059_v2,reverse,KEGG (Modified),M2,C00352 + C00033 + Z00069 => C00357 + C00001 + Z00069,C00352 + C00033 + Z00069,C00357 + C00001 + Z00069,6.0,7.0,6.5,3.5.1.25
R02060_v1,reverse,KEGG (Modified),Mg,C00352 + Z00029 => C06156 + Z00029,C00352 + Z00029,C06156 + Z00029,6.0,7.0,6.5,5.4.2.10
R02073_v1,reverse,KEGG (Modified),Ni,C00009 + C05378 + Z00034 => C00013 + C05345 + Z00034,C00009 + C05378 + Z00034,C00013 + C05345 + Z00034,6.0,7.0,6.5,2.7.1.90
R02073_v2,reverse,KEGG (Modified),Mn,C00009 + C05378 + Z00030 => C00013 + C05345 + Z00030,C00009 + C05378 + Z00030,C00013 + C05345 + Z00030,6.0,7.0,6.5,2.7.1.90
R02073_v3,reverse,KEGG (Modified),Mg,C00009 + C05378 + Z00029 => C00013 + C05345 + Z00029,C00009 + C05378 + Z00029,C00013 + C05345 + Z00029,6.0,7.0,6.5,2.7.1.90
R09780,forward,KEGG,,C06019 => C05345,C06019,C05345,6.0,7.0,6.5,5.3.1.27
R02749_v1,reverse,KEGG (Modified),Mn,C00673 + Z00030 => C00672 + Z00030,C00673 + Z00030,C00672 + Z00030,6.0,7.0,6.5,5.4.2.7
R02749_v2,reverse,KEGG (Modified),Mg,C00673 + Z00029 => C00672 + Z00029,C00673 + Z00029,C00672 + Z00029,6.0,7.0,6.5,5.4.2.7
R05338_v1,reverse,KEGG (Modified),Mn,C06019 + Z00030 => C00199 + C00067 + Z00030,C06019 + Z00030,C00199 + C00067 + Z00030,6.0,7.0,6.5,4.1.2.43
R05338_v2,reverse,KEGG (Modified),Mg,C06019 + Z00029 => C00199 + C00067 + Z00029,C06019 + Z00029,C00199 + C00067 + Z00029,6.0,7.0,6.5,4.1.2.43
R00303,forward,KEGG,,C00092 + C00001 => C00031 + C00009,C00092 + C00001,C00031 + C00009,6.0,7.0,6.5,"3.1.3.9, 3.1.3.58"
R11310_v1,reverse,KEGG (Modified),Mg,C00092 + Z00029 => C00663 + Z00029,C00092 + Z00029,C00663 + Z00029,6.0,7.0,6.5,5.4.2.6
R04780_v1,forward,KEGG (Modified),Mn,C05378 + C00001 + Z00030 => C05345 + C00009 + Z00030,C05378 + C00001 + Z00030,C05345 + C00009 + Z00030,6.0,7.0,6.5,3.1.3.11
R11439,forward,KEGG,,C00074 + C00275 + C00001 => C21383 + C00009,C00074 + C00275 + C00001,C21383 + C00009,6.0,7.0,6.5,2.5.1.132
R04780_v2,forward,KEGG (Modified),Mg,C05378 + C00001 + Z00029 => C05345 + C00009 + Z00029,C05378 + C00001 + Z00029,C05345 + C00009 + Z00029,6.0,7.0,6.5,3.1.3.11
R03240,reverse,KEGG,,C01097 => C01113,C01097,C01113,6.0,7.0,6.5,5.3.1.26
R00304_v1,reverse,KEGG (Modified),Zn,C00031 + C00009 + Z00054 => C00103 + C00001 + Z00054,C00031 + C00009 + Z00054,C00103 + C00001 + Z00054,7.0,7.0,7.0,3.1.3.10
R00304_v1,forward,KEGG (Modified),Zn,C00103 + C00001 + Z00054 => C00031 + C00009 + Z00054,C00103 + C00001 + Z00054,C00031 + C00009 + Z00054,7.0,7.0,7.0,3.1.3.10
R01530,reverse,KEGG,,C00199 => C01112,C00199,C01112,7.0,8.0,7.5,5.3.1.13
R00307_v1,forward,KEGG (Modified),Co,C00031 + Z00006 => C00095 + Z00006,C00031 + Z00006,C00095 + Z00006,7.0,8.0,7.5,5.3.1.5
R11959,reverse,KEGG,,C00103 + C00258 => C19792 + C00009,C00103 + C00258,C19792 + C00009,7.0,8.0,7.5,2.4.1.352
R01529_v2,forward,KEGG (Modified),M2,C00199 + Z00069 => C00231 + Z00069,C00199 + Z00069,C00231 + Z00069,7.0,8.0,7.5,5.1.3.1
R01529_v3,forward,KEGG (Modified),Zn,C00199 + Z00054 => C00231 + Z00054,C00199 + Z00054,C00231 + Z00054,7.0,8.0,7.5,5.1.3.1
R00306,reverse,KEGG,,2C00031 => C00185 + C00001,2C00031,C00185 + C00001,7.0,8.0,7.5,"3.2.1.21, 3.2.1.74"
R07281_v3,forward,KEGG (Modified),M2,C00199 + Z00069 => C15556 + C00058 + Z00069,C00199 + Z00069,C15556 + C00058 + Z00069,7.0,8.0,7.5,4.1.99.12
R07264,reverse,KEGG,,C00031 + C00663 => C15548 + C00009,C00031 + C00663,C15548 + C00009,7.0,8.0,7.5,2.4.1.230
R07281_v1,forward,KEGG (Modified),Mn,C00199 + Z00030 => C15556 + C00058 + Z00030,C00199 + Z00030,C15556 + C00058 + Z00030,7.0,8.0,7.5,4.1.99.12
R07281_v2,forward,KEGG (Modified),Mg,C00199 + Z00029 => C15556 + C00058 + Z00029,C00199 + Z00029,C15556 + C00058 + Z00029,7.0,8.0,7.5,4.1.99.12
R11440_v1,forward,KEGG (Modified),Mg,C21383 + C00001 + Z00029 => C20934 + C00009 + Z00029,C21383 + C00001 + Z00029,C20934 + C00009 + Z00029,7.0,8.0,7.5,3.1.3.103
R05767,reverse,KEGG,,C00092 + C00663 => C00689 + C00009,C00092 + C00663,C00689 + C00009,7.0,8.0,7.5,2.4.1.216
R05168_v1,reverse,KEGG (Modified),Ni,C06377 + C00033 + Z00034 => C06376 + C00001 + Z00034,C06377 + C00033 + Z00034,C06376 + C00001 + Z00034,7.0,8.0,7.5,3.5.1.25
R05168_v2,reverse,KEGG (Modified),M2,C06377 + C00033 + Z00069 => C06376 + C00001 + Z00069,C06377 + C00033 + Z00069,C06376 + C00001 + Z00069,7.0,8.0,7.5,3.5.1.25
R00837_v2,reverse,KEGG (Modified),Ni,C00031 + C00092 + Z00034 => C00001 + C00689 + Z00034,C00031 + C00092 + Z00034,C00001 + C00689 + Z00034,7.0,8.0,7.5,"3.2.1.93, 3.2.1.122"
R00837_v3,reverse,KEGG (Modified),Co,C00031 + C00092 + Z00006 => C00001 + C00689 + Z00006,C00031 + C00092 + Z00006,C00001 + C00689 + Z00006,7.0,8.0,7.5,"3.2.1.93, 3.2.1.122"
R00837_v4,reverse,KEGG (Modified),Mn,C00031 + C00092 + Z00030 => C00001 + C00689 + Z00030,C00031 + C00092 + Z00030,C00001 + C00689 + Z00030,7.0,8.0,7.5,"3.2.1.93, 3.2.1.122"
R00838_v1,reverse,KEGG (Modified),Fe,C00031 + C00092 + Z00015 => C00001 + C02995 + Z00015,C00031 + C00092 + Z00015,C00001 + C02995 + Z00015,7.0,8.0,7.5,3.2.1.122
R00838_v2,reverse,KEGG (Modified),Ni,C00031 + C00092 + Z00034 => C00001 + C02995 + Z00034,C00031 + C00092 + Z00034,C00001 + C02995 + Z00034,7.0,8.0,7.5,3.2.1.122
R00838_v3,reverse,KEGG (Modified),Co,C00031 + C00092 + Z00006 => C00001 + C02995 + Z00006,C00031 + C00092 + Z00006,C00001 + C02995 + Z00006,7.0,8.0,7.5,3.2.1.122
R00838_v4,reverse,KEGG (Modified),Mn,C00031 + C00092 + Z00030 => C00001 + C02995 + Z00030,C00031 + C00092 + Z00030,C00001 + C02995 + Z00030,7.0,8.0,7.5,3.2.1.122
R00839_v1,reverse,KEGG (Modified),Ni,C00031 + C00092 + Z00034 => C04534 + C00001 + Z00034,C00031 + C00092 + Z00034,C04534 + C00001 + Z00034,7.0,8.0,7.5,3.2.1.86
R10973_v1,forward,KEGG (Modified),Mn,C20986 + C00001 + Z00030 => C00117 + C00009 + Z00030,C20986 + C00001 + Z00030,C00117 + C00009 + Z00030,7.0,8.0,7.5,3.1.4.57
R10987,reverse,KEGG,,C00103 + C05345 => C02591 + C00009,C00103 + C05345,C02591 + C00009,7.0,8.0,7.5,2.4.1.329
R00839_v3,reverse,KEGG (Modified),M2,C00031 + C00092 + Z00069 => C04534 + C00001 + Z00069,C00031 + C00092 + Z00069,C04534 + C00001 + Z00069,7.0,8.0,7.5,3.2.1.86
R12221,forward,KEGG,,C06377 => C22029,C06377,C22029,7.0,8.0,7.5,5.4.2.13
R12250,reverse,KEGG,,C00031 + C00258 => C19792 + C00001,C00031 + C00258,C19792 + C00001,7.0,8.0,7.5,3.2.1.208
R00953,reverse,KEGG,,C00031 + C00103 => C02048 + C00009,C00031 + C00103,C02048 + C00009,7.0,8.0,7.5,2.4.1.31
R00957,forward,KEGG,,2C00103 + C00001 => 2C00009 + C00208,2C00103 + C00001,2C00009 + C00208,7.0,8.0,7.5,2.4.1.139
R00959_v1,forward,KEGG (Modified),Mg,C00103 + Z00029 => C00668 + Z00029,C00103 + Z00029,C00668 + Z00029,7.0,8.0,7.5,"5.4.2.2, 5.4.2.5"
R00959_v2,forward,KEGG (Modified),Zn,C00103 + Z00054 => C00668 + Z00054,C00103 + Z00054,C00668 + Z00054,7.0,8.0,7.5,"5.4.2.2, 5.4.2.5"
R00960,forward,KEGG,,2C00103 => C01231 + C00031,2C00103,C01231 + C00031,7.0,8.0,7.5,2.7.1.41
R03255,reverse,KEGG,,C00069 + C01113 => C03847 + C00001,C00069 + C01113,C03847 + C00001,7.0,8.0,7.5,3.2.1.85
R01056,reverse,KEGG,,C00199 => C00117,C00199,C00117,7.0,8.0,7.5,5.3.1.6
R01014,reverse,KEGG,,C00111 + C00067 => C03394,C00111 + C00067,C03394,7.0,8.0,7.5,4.1.2.2
R00947_v1,forward,KEGG (Modified),Zn,C00103 + C00001 + Z00054 => C00267 + C00009 + Z00054,C00103 + C00001 + Z00054,C00267 + C00009 + Z00054,7.0,8.0,7.5,3.1.3.10
R00952,reverse,KEGG,,C00103 + C00031 => C00185 + C00009,C00103 + C00031,C00185 + C00009,7.0,8.0,7.5,2.4.1.20
R03527,reverse,KEGG,,C00031 + C01335 => C00963 + C00001,C00031 + C01335,C00963 + C00001,7.0,8.0,7.5,3.2.1.21
R03321_v1,reverse,KEGG (Modified),Fe,C05345 + Z00015 => C01172 + Z00015,C05345 + Z00015,C01172 + Z00015,7.0,8.0,7.5,5.3.1.9
R02727,reverse,KEGG,,C00031 + C00663 => C01083 + C00009,C00031 + C00663,C01083 + C00009,7.0,8.0,7.5,2.4.1.64
R02728_v1,forward,KEGG (Modified),Mg,C00663 + Z00029 => C01172 + Z00029,C00663 + Z00029,C01172 + Z00029,7.0,8.0,7.5,5.4.2.6
R02740_v1,reverse,KEGG (Modified),Fe,C05345 + Z00015 => C00668 + Z00015,C05345 + Z00015,C00668 + Z00015,7.0,8.0,7.5,5.3.1.9
R00837_v1,reverse,KEGG (Modified),Fe,C00031 + C00092 + Z00015 => C00001 + C00689 + Z00015,C00031 + C00092 + Z00015,C00001 + C00689 + Z00015,7.0,8.0,7.5,"3.2.1.93, 3.2.1.122"
R08514,reverse,KEGG,,C00103 + C00014 => C02306 + C00031,C00103 + C00014,C02306 + C00031,7.0,8.0,7.5,2.7.1.62
R08193_v1,forward,KEGG (Modified),Mg,C00357 + Z00029 => C04501 + Z00029,C00357 + Z00029,C04501 + Z00029,7.0,8.0,7.5,5.4.2.3
R09031,reverse,KEGG,,C05345 => C18096,C05345,C18096,7.0,8.0,7.5,5.1.3.-
R08555,forward,KEGG,,C00256 + C00357 => C16698 + C00001,C00256 + C00357,C16698 + C00001,7.0,8.0,7.5,4.2.1.126
R02087,forward,KEGG,,C00357 => C04257,C00357,C04257,7.0,8.0,7.5,5.1.3.9
R09941,reverse,KEGG,,C00031 + C00663 => C01518 + C00009,C00031 + C00663,C01518 + C00009,7.0,8.0,7.5,2.4.1.279
R09943,reverse,KEGG,,C00031 + C00636 => C20236 + C00009,C00031 + C00636,C20236 + C00009,7.0,8.0,7.5,2.4.1.281
R01529_v1,forward,KEGG (Modified),Co,C00199 + Z00006 => C00231 + Z00006,C00199 + Z00006,C00231 + Z00006,7.0,8.0,7.5,5.1.3.1
R00307_v2,forward,KEGG (Modified),Mn,C00031 + Z00030 => C00095 + Z00030,C00031 + Z00030,C00095 + Z00030,7.0,8.0,7.5,5.3.1.5
R00307_v3,forward,KEGG (Modified),Mg,C00031 + Z00029 => C00095 + Z00029,C00031 + Z00029,C00095 + Z00029,7.0,8.0,7.5,5.3.1.5
R00028_v2,reverse,KEGG (Modified),Mn,2C00031 + Z00030 => C00208 + C00001 + Z00030,2C00031 + Z00030,C00208 + C00001 + Z00030,7.0,8.0,7.5,3.2.1.20
R00010_v2,reverse,KEGG (Modified),Mg,2C00031 + Z00029 => C01083 + C00001 + Z00029,2C00031 + Z00029,C01083 + C00001 + Z00029,7.0,8.0,7.5,3.2.1.28
R00010_v1,reverse,KEGG (Modified),Ca,2C00031 + Z00055 => C01083 + C00001 + Z00055,2C00031 + Z00055,C01083 + C00001 + Z00055,7.0,8.0,7.5,3.2.1.28
R01788,reverse,KEGG,,C00267 + C00009 => C00668 + C00001,C00267 + C00009,C00668 + C00001,8.0,8.0,8.0,3.1.3.9
R00878_v3,reverse,KEGG (Modified),Mg,C00095 + Z00029 => C00267 + Z00029,C00095 + Z00029,C00267 + Z00029,8.0,8.0,8.0,5.3.1.5
R10486,forward,KEGG,,C02995 + C00001 => C00208 + C00009,C02995 + C00001,C00208 + C00009,8.0,8.0,8.0,3.1.3.90
R10486,reverse,KEGG,,C00208 + C00009 => C02995 + C00001,C00208 + C00009,C02995 + C00001,8.0,8.0,8.0,3.1.3.90
R02739_v1,reverse,KEGG (Modified),Fe,C01172 + Z00015 => C00668 + Z00015,C01172 + Z00015,C00668 + Z00015,8.0,8.0,8.0,"5.1.3.15, 5.3.1.9"
R02739_v1,forward,KEGG (Modified),Fe,C00668 + Z00015 => C01172 + Z00015,C00668 + Z00015,C01172 + Z00015,8.0,8.0,8.0,"5.1.3.15, 5.3.1.9"
R02778_v1,forward,KEGG (Modified),M2,C00689 + C00001 + Z00069 => C01083 + C00009 + Z00069,C00689 + C00001 + Z00069,C01083 + C00009 + Z00069,8.0,8.0,8.0,3.1.3.12
R02778_v1,reverse,KEGG (Modified),M2,C01083 + C00009 + Z00069 => C00689 + C00001 + Z00069,C01083 + C00009 + Z00069,C00689 + C00001 + Z00069,8.0,8.0,8.0,3.1.3.12
R02778_v2,forward,KEGG (Modified),Mg,C00689 + C00001 + Z00029 => C01083 + C00009 + Z00029,C00689 + C00001 + Z00029,C01083 + C00009 + Z00029,8.0,8.0,8.0,3.1.3.12
R00878_v1,forward,KEGG (Modified),Co,C00267 + Z00006 => C00095 + Z00006,C00267 + Z00006,C00095 + Z00006,8.0,8.0,8.0,5.3.1.5
R00878_v1,reverse,KEGG (Modified),Co,C00095 + Z00006 => C00267 + Z00006,C00095 + Z00006,C00267 + Z00006,8.0,8.0,8.0,5.3.1.5
R00878_v2,forward,KEGG (Modified),Mn,C00267 + Z00030 => C00095 + Z00030,C00267 + Z00030,C00095 + Z00030,8.0,8.0,8.0,5.3.1.5
R00878_v2,reverse,KEGG (Modified),Mn,C00095 + Z00030 => C00267 + Z00030,C00095 + Z00030,C00267 + Z00030,8.0,8.0,8.0,5.3.1.5
R00878_v3,forward,KEGG (Modified),Mg,C00267 + Z00029 => C00095 + Z00029,C00267 + Z00029,C00095 + Z00029,8.0,8.0,8.0,5.3.1.5
R01557,reverse,KEGG,,C01083 => C00208,C01083,C00208,8.0,8.0,8.0,5.4.99.16
R07265,forward,KEGG,,C01083 + C00009 => C00267 + C00103,C01083 + C00009,C00267 + C00103,8.0,8.0,8.0,2.4.1.231
R07265,reverse,KEGG,,C00267 + C00103 => C01083 + C00009,C00267 + C00103,C01083 + C00009,8.0,8.0,8.0,2.4.1.231
R02778_v2,reverse,KEGG (Modified),Mg,C01083 + C00009 + Z00029 => C00689 + C00001 + Z00029,C01083 + C00009 + Z00029,C00689 + C00001 + Z00029,8.0,8.0,8.0,3.1.3.12
R02778_v3,forward,KEGG (Modified),Zn,C00689 + C00001 + Z00054 => C01083 + C00009 + Z00054,C00689 + C00001 + Z00054,C01083 + C00009 + Z00054,8.0,8.0,8.0,3.1.3.12
R02778_v3,reverse,KEGG (Modified),Zn,C01083 + C00009 + Z00054 => C00689 + C00001 + Z00054,C01083 + C00009 + Z00054,C00689 + C00001 + Z00054,8.0,8.0,8.0,3.1.3.12
R01557,forward,KEGG,,C00208 => C01083,C00208,C01083,8.0,8.0,8.0,5.4.99.16
R01788,forward,KEGG,,C00668 + C00001 => C00267 + C00009,C00668 + C00001,C00267 + C00009,8.0,8.0,8.0,3.1.3.9
R00026,forward,KEGG,,C00185 + C00001 => 2C00221,C00185 + C00001,2C00221,8.0,9.0,8.5,3.2.1.21
R01444,reverse,KEGG,,C00185 + C00031 => C06219 + C00001,C00185 + C00031,C06219 + C00001,8.0,9.0,8.5,3.2.1.74
R01445,forward,KEGG,,C00185 => C02964,C00185,C02964,8.0,9.0,8.5,5.1.3.11
R09030,reverse,KEGG,,C18096 => C02962,C18096,C02962,8.0,9.0,8.5,5.3.1.6
R12668,reverse,KEGG,,C00231 + C00111 => C22318 + C00118,C00231 + C00111,C22318 + C00118,8.0,9.0,8.5,2.2.1.13
R01602,forward,KEGG,,C00267 => C00221,C00267,C00221,8.0,9.0,8.5,5.1.3.3
R05850_v2,reverse,KEGG (Modified),Zn,C00231 + Z00054 => C01101 + Z00054,C00231 + Z00054,C01101 + Z00054,8.0,9.0,8.5,5.1.3.4
R03254,reverse,KEGG,,C00074 + C01112 + C00001 => C04478 + C00009,C00074 + C01112 + C00001,C04478 + C00009,8.0,9.0,8.5,2.5.1.55
R01057_v1,reverse,KEGG (Modified),"Mg, Mn",C00117 + Z00029 + C00117 + Z00030 => C00620 + Z00029 + C00620 + Z00030,C00117 + Z00029 + C00117 + Z00030,C00620 + Z00029 + C00620 + Z00030,8.0,9.0,8.5,"5.4.2.2, 5.4.2.7"
R01057_v2,reverse,KEGG (Modified),"Mg, Zn",C00117 + Z00054 + C00117 + Z00029 => C00620 + Z00054 + C00620 + Z00029,C00117 + Z00054 + C00117 + Z00029,C00620 + Z00054 + C00620 + Z00029,8.0,9.0,8.5,"5.4.2.2, 5.4.2.7"
R04435,reverse,KEGG,,C04257 + C00074 + C00001 => C06241 + C00009,C04257 + C00074 + C00001,C06241 + C00009,8.0,9.0,8.5,"2.5.1.56, 2.5.1.57"
R08548_v2,reverse,KEGG (Modified),Zn,C00095 + C00009 + Z00054 => C01094 + C00001 + Z00054,C00095 + C00009 + Z00054,C01094 + C00001 + Z00054,8.0,9.0,8.5,3.1.3.68
R05850_v1,reverse,KEGG (Modified),M2,C00231 + Z00069 => C01101 + Z00069,C00231 + Z00069,C01101 + Z00069,8.0,9.0,8.5,5.1.3.4
R01660,reverse,KEGG,,C00197 + C01231 => C00236 + C00103,C00197 + C01231,C00236 + C00103,8.0,9.0,8.5,2.7.1.106
R11308_v1,reverse,KEGG (Modified),Mn,C00185 + Z00030 => C01898 + Z00030,C00185 + Z00030,C01898 + Z00030,8.0,9.0,8.5,"3.2.1.4, 3.2.1.91"
R11308_v2,reverse,KEGG (Modified),Ca,C00185 + Z00055 => C01898 + Z00055,C00185 + Z00055,C01898 + Z00055,8.0,9.0,8.5,"3.2.1.4, 3.2.1.91"
R08548_v1,reverse,KEGG (Modified),Mg,C00095 + C00009 + Z00029 => C01094 + C00001 + Z00029,C00095 + C00009 + Z00029,C01094 + C00001 + Z00029,8.0,9.0,8.5,3.1.3.68
R11330,reverse,KEGG,,C03394 => C21285,C03394,C21285,8.0,9.0,8.5,5.1.3.38
R11332,forward,KEGG,,C03394 => C03604,C03394,C03604,8.0,9.0,8.5,5.3.1.33
R02706,reverse,KEGG,,C04257 + C00001 => C00645 + C00009,C04257 + C00001,C00645 + C00009,8.0,9.0,8.5,3.1.3.-
R11262_v1,reverse,KEGG (Modified),Ca,C00208 + Z00055 + C00208 + Z00055 + C00208 + Z00055 => C01935 + C00001 + Z00055 + C01935 + C00001 + Z00055 + C01935 + C00001 + Z00055,C00208 + Z00055 + C00208 + Z00055 + C00208 + Z00055,C01935 + C00001 + Z00055 + C01935 + C00001 + Z00055 + C01935 + C00001 + Z00055,8.0,9.0,8.5,"3.2.1.1, 3.2.1.2, 3.2.1.133"
R12610_v1,reverse,KEGG (Modified),Mg,C03394 + C00011 + Z00029 => C22278 + Z00029,C03394 + C00011 + Z00029,C22278 + Z00029,8.0,9.0,8.5,4.1.1.121
R03921,reverse,KEGG,,C00095 + C00092 => C16688 + C00001,C00095 + C00092,C16688 + C00001,8.0,9.0,8.5,3.2.1.26
R00873,forward,KEGG,,C00095 + C00028 => C00273 + C00030,C00095 + C00028,C00273 + C00030,8.0,9.0,8.5,1.1.5.14
R00877,reverse,KEGG,,C00095 => C00159,C00095,C00159,8.0,9.0,8.5,5.3.1.7
R00801_v2,reverse,KEGG (Modified),Mn,C00095 + C00031 + Z00030 => C00089 + C00001 + Z00030,C00095 + C00031 + Z00030,C00089 + C00001 + Z00030,8.0,9.0,8.5,"3.2.1.10, 3.2.1.20, 3.2.1.26, 3.2.1.48"
R00803,reverse,KEGG,,C00095 + C00103 => C00089 + C00009,C00095 + C00103,C00089 + C00009,8.0,9.0,8.5,2.4.1.7
R00805_v1,forward,KEGG (Modified),Mg,C02591 + C00001 + Z00029 => C00089 + C00009 + Z00029,C02591 + C00001 + Z00029,C00089 + C00009 + Z00029,8.0,9.0,8.5,3.1.3.24
R10088,forward,KEGG,,C00117 + C00118 + C00014 => 4C00001 + C00018 + C00009,C00117 + C00118 + C00014,4C00001 + C00018 + C00009,8.0,9.0,8.5,4.3.3.6
R10810,reverse,KEGG,,C20236 => C20861,C20236,C20861,8.0,9.0,8.5,5.1.3.11
R10817_v1,reverse,KEGG (Modified),"Co, Mn",C00095 + Z00030 + C00095 + Z00006 => C06468 + Z00030 + C06468 + Z00006,C00095 + Z00030 + C00095 + Z00006,C06468 + Z00030 + C06468 + Z00006,8.0,9.0,8.5,"5.1.3.30, 5.1.3.31"
R10817_v2,reverse,KEGG (Modified),Mn,C00095 + Z00030 => C06468 + Z00030,C00095 + Z00030,C06468 + Z00030,8.0,9.0,8.5,"5.1.3.30, 5.1.3.31"
R01718,reverse,KEGG,,C00267 + C00031 => C00252 + C00001,C00267 + C00031,C00252 + C00001,8.0,9.0,8.5,3.2.1.10
R09995,reverse,KEGG,,C01083 => C00369,C01083,C00369,8.0,9.0,8.5,
R09664_v1,reverse,KEGG (Modified),Co,C19792 + C00009 + Z00006 => C19791 + C00001 + Z00006,C19792 + C00009 + Z00006,C19791 + C00001 + Z00006,8.0,9.0,8.5,3.1.3.85
R11785_v1,forward,KEGG (Modified),Mg,C16698 + C00001 + Z00029 => C02713 + C00009 + Z00029,C16698 + C00001 + Z00029,C02713 + C00009 + Z00029,8.0,9.0,8.5,3.1.3.105
R09664_v2,reverse,KEGG (Modified),Mn,C19792 + C00009 + Z00030 => C19791 + C00001 + Z00030,C19792 + C00009 + Z00030,C19791 + C00001 + Z00030,8.0,9.0,8.5,3.1.3.85
R09664_v3,reverse,KEGG (Modified),Mg,C19792 + C00009 + Z00029 => C19791 + C00001 + Z00029,C19792 + C00009 + Z00029,C19791 + C00001 + Z00029,8.0,9.0,8.5,3.1.3.85
R11791,forward,KEGG,,C00252 + C00001 => C00221 + C00031,C00252 + C00001,C00221 + C00031,9.0,9.0,9.0,3.2.1.205
R01790_v1,forward,KEGG (Modified),Ca,C00369 + C00001 + Z00055 => C00031 + C00369 + Z00055,C00369 + C00001 + Z00055,C00031 + C00369 + Z00055,9.0,9.0,9.0,3.2.1.3
R11791,reverse,KEGG,,C00221 + C00031 => C00252 + C00001,C00221 + C00031,C00252 + C00001,9.0,9.0,9.0,3.2.1.205
R11790,reverse,KEGG,,2C00252 => C21659 + C00001,2C00252,C21659 + C00001,9.0,10.0,9.5,3.2.1.204
R01805_v1,forward,KEGG (Modified),Mg,C06241 + C00001 + Z00029 => C00270 + C00009 + Z00029,C06241 + C00001 + Z00029,C00270 + C00009 + Z00029,9.0,10.0,9.5,3.1.3.29
R01811,reverse,KEGG,,C00645 + C00022 => C00270,C00645 + C00022,C00270,9.0,10.0,9.5,4.1.3.3
R11333,forward,KEGG,,C03604 => C00279,C03604,C00279,9.0,10.0,9.5,5.3.1.34
R10809,reverse,KEGG,,2C00159 => C01728 + C00001,2C00159,C01728 + C00001,9.0,10.0,9.5,3.2.1.163
R11398,reverse,KEGG,,C00159 + C00636 => C21336 + C00009,C00159 + C00636,C21336 + C00009,9.0,10.0,9.5,2.4.1.339
R02112_v1,forward,KEGG (Modified),Ca,C00369 + Z00055 + C00369 + Z00055 + C00369 + Z00055 => C00721 + C00208 + Z00055 + C00721 + C00208 + Z00055 + C00721 + C00208 + Z00055,C00369 + Z00055 + C00369 + Z00055 + C00369 + Z00055,C00721 + C00208 + Z00055 + C00721 + C00208 + Z00055 + C00721 + C00208 + Z00055,9.0,10.0,9.5,"3.2.1.1, 3.2.1.2, 3.2.1.133"
R02108_v1,forward,KEGG (Modified),Ca,C00369 + C00001 + Z00055 => C00721 + C00369 + Z00055,C00369 + C00001 + Z00055,C00721 + C00369 + Z00055,9.0,10.0,9.5,3.2.1.1
R01824,forward,KEGG,,C01935 => C06400,C01935,C06400,9.0,10.0,9.5,5.4.99.15
R00810,forward,KEGG,,C00089 => C01742,C00089,C01742,9.0,10.0,9.5,5.4.99.11
R03256,reverse,KEGG,,C00221 + C01113 => C05396 + C00001,C00221 + C01113,C05396 + C00001,9.0,10.0,9.5,3.2.1.85
R03350_v1,forward,KEGG (Modified),Co,C04478 + C00001 + Z00006 => C01187 + C00009 + Z00006,C04478 + C00001 + Z00006,C01187 + C00009 + Z00006,9.0,10.0,9.5,3.1.3.45
R03801,reverse,KEGG,,C06219 + C00031 => C02013 + C00001,C06219 + C00031,C02013 + C00001,9.0,10.0,9.5,3.2.1.74
R02568_v1,forward,KEGG (Modified),Zn,C01094 + Z00054 => C00111 + C00577 + Z00054,C01094 + Z00054,C00111 + C00577 + Z00054,9.0,10.0,9.5,4.1.2.13
R00802_v2,forward,KEGG (Modified),Mn,C00089 + C00001 + Z00030 => C02336 + C00267 + Z00030,C00089 + C00001 + Z00030,C02336 + C00267 + Z00030,9.0,10.0,9.5,"3.2.1.20, 3.2.1.26, 3.2.1.48"
R12664,reverse,KEGG,,C00221 => C02209,C00221,C02209,9.0,10.0,9.5,5.1.3.44
R01207,reverse,KEGG,,C00645 => C00140,C00645,C00140,9.0,10.0,9.5,5.1.3.8
R11309,reverse,KEGG,,C00252 => C00372,C00252,C00372,9.0,10.0,9.5,3.2.1.11
R03122_v1,reverse,KEGG (Modified),Ca,C01935 + Z00055 => C00973 + C00001 + Z00055,C01935 + Z00055,C00973 + C00001 + Z00055,9.0,10.0,9.5,3.2.1.54
R03244,forward,KEGG,,C01101 => C03291,C01101,C03291,9.0,10.0,9.5,5.1.3.22
R12095,reverse,KEGG,,C00159 + C00258 => C11544 + C00001,C00159 + C00258,C11544 + C00001,9.0,10.0,9.5,3.2.1.170
R10050,forward,KEGG,,C00546 + C01094 => C00577 + C16848,C00546 + C01094,C00577 + C16848,9.0,10.0,9.5,2.2.1.11
R03350_v2,forward,KEGG (Modified),Mg,C04478 + C00001 + Z00029 => C01187 + C00009 + Z00029,C04478 + C00001 + Z00029,C01187 + C00009 + Z00029,9.0,10.0,9.5,3.1.3.45
R08613,reverse,KEGG,,C01335 + C00159 => C02478 + C00001,C01335 + C00159,C02478 + C00001,9.0,10.0,9.5,3.2.1.25
R00173_v1,forward,KEGG (Modified),Mg,C00018 + C00001 + Z00029 => C00250 + C00009 + Z00029,C00018 + C00001 + Z00029,C00250 + C00009 + Z00029,9.0,10.0,9.5,3.1.3.74
RZ_344,forward,KEGG,,C00018 => Z00035,C00018,Z00035,9.0,10.0,9.5,
R01804,reverse,KEGG,,C00645 + C00074 + C00001 => C00270 + C00009,C00645 + C00074 + C00001,C00270 + C00009,9.0,10.0,9.5,2.5.1.56
R00173_v2,forward,KEGG (Modified),Zn,C00018 + C00001 + Z00054 => C00250 + C00009 + Z00054,C00018 + C00001 + Z00054,C00250 + C00009 + Z00054,9.0,10.0,9.5,3.1.3.74
R11788,reverse,KEGG,,2C00252 => 2C00001 + C21655,2C00252,2C00001 + C21655,9.0,10.0,9.5,3.2.1.204
R00015,forward,KEGG,,2C00089 => C00031 + C03661,2C00089,C00031 + C03661,9.0,10.0,9.5,2.4.1.99
R00478_v1,forward,KEGG (Modified),"PLP, M2",C03961 + Z00069 + Z00035 => C00037 + C00048 + Z00069 + Z00035,C03961 + Z00069 + Z00035,C00037 + C00048 + Z00069 + Z00035,10.0,10.0,10.0,4.1.3.14
R00489_v1,reverse,KEGG (Modified),PLP,C00099 + C00011 + Z00035 + C00099 + C00011 + Z00035 => C00049 + Z00035 + C00049 + Z00035,C00099 + C00011 + Z00035 + C00099 + C00011 + Z00035,C00049 + Z00035 + C00049 + Z00035,10.0,10.0,10.0,"4.1.1.11, 4.1.1.15"
R06131_v1,reverse,KEGG (Modified),"4Fe4S, Mn, PLP, Generic FeS",C00161 + C00014 + Z00035 + C00161 + C00014 + Z00063 + C00161 + C00014 + Z00035 + Z00002 + C00161 + C00014 + Z00030 => C05167 + Z00035 + C05167 + Z00063 + C05167 + Z00035 + Z00002 + C05167 + Z00030,C00161 + C00014 + Z00035 + C00161 + C00014 + Z00063 + C00161 + C00014 + Z00035 + Z00002 + C00161 + C00014 + Z00030,C05167 + Z00035 + C05167 + Z00063 + C05167 + Z00035 + Z00002 + C05167 + Z00030,10.0,10.0,10.0,"4.3.1.17, 4.3.1.18, 4.3.1.19, 4.3.1.20"
R00478_v1,reverse,KEGG (Modified),"PLP, M2",C00037 + C00048 + Z00069 + Z00035 => C03961 + Z00069 + Z00035,C00037 + C00048 + Z00069 + Z00035,C03961 + Z00069 + Z00035,10.0,10.0,10.0,4.1.3.14
R01791_v1,forward,KEGG (Modified),Ca,C00721 + C00001 + Z00055 => C00031 + C00721 + Z00055,C00721 + C00001 + Z00055,C00031 + C00721 + Z00055,10.0,10.0,10.0,"3.2.1.3, 3.2.1.10"
R11789,reverse,KEGG,,C21659 => C21655 + C00001,C21659,C21655 + C00001,10.0,10.0,10.0,3.2.1.204
R02120,reverse,KEGG,,C00095 + C00372 => C00089 + C00372,C00095 + C00372,C00089 + C00372,10.0,10.0,10.0,"2.4.1.5, 2.4.1.125"
R00489_v1,forward,KEGG (Modified),PLP,C00049 + Z00035 + C00049 + Z00035 => C00099 + C00011 + Z00035 + C00099 + C00011 + Z00035,C00049 + Z00035 + C00049 + Z00035,C00099 + C00011 + Z00035 + C00099 + C00011 + Z00035,10.0,10.0,10.0,"4.1.1.11, 4.1.1.15"
R01555_v1,forward,KEGG (Modified),PLP,C00208 + C00009 + Z00035 => C00031 + C00663 + Z00035,C00208 + C00009 + Z00035,C00031 + C00663 + Z00035,10.0,10.0,10.0,2.4.1.8
R06131_v2,reverse,KEGG (Modified),"PLP, Ca, Generic FeS",C00161 + C00014 + Z00035 + C00161 + C00014 + Z00035 + Z00063 + C00161 + C00014 + Z00055 => C05167 + Z00035 + C05167 + Z00035 + Z00063 + C05167 + Z00055,C00161 + C00014 + Z00035 + C00161 + C00014 + Z00035 + Z00063 + C00161 + C00014 + Z00055,C05167 + Z00035 + C05167 + Z00035 + Z00063 + C05167 + Z00055,10.0,10.0,10.0,"4.3.1.17, 4.3.1.18, 4.3.1.19, 4.3.1.20"
R11789,forward,KEGG,,C21655 + C00001 => C21659,C21655 + C00001,C21659,10.0,10.0,10.0,3.2.1.204
R00373_v1,reverse,KEGG (Modified),PLP,C00048 + C00049 + Z00035 => C00037 + C00036 + Z00035,C00048 + C00049 + Z00035,C00037 + C00036 + Z00035,10.0,10.0,10.0,2.6.1.35
R00373_v1,forward,KEGG (Modified),PLP,C00037 + C00036 + Z00035 => C00048 + C00049 + Z00035,C00037 + C00036 + Z00035,C00048 + C00049 + Z00035,10.0,10.0,10.0,2.6.1.35
R01555_v1,reverse,KEGG (Modified),PLP,C00031 + C00663 + Z00035 => C00208 + C00009 + Z00035,C00031 + C00663 + Z00035,C00208 + C00009 + Z00035,10.0,10.0,10.0,2.4.1.8
R08196_v3,reverse,KEGG (Modified),"PLP, M2",C00037 + C00084 + Z00069 + Z00035 => C12317 + Z00069 + Z00035,C00037 + C00084 + Z00069 + Z00035,C12317 + Z00069 + Z00035,10.0,11.0,10.5,4.1.2.42
R08195_v5,reverse,KEGG (Modified),"Mn, PLP",C00037 + C00084 + Z00035 + Z00030 => C00820 + Z00035 + Z00030,C00037 + C00084 + Z00035 + Z00030,C00820 + Z00035 + Z00030,10.0,11.0,10.5,4.1.2.42
R00782_v1,reverse,KEGG (Modified),"4Fe4S, PLP",C00283 + C00022 + C00014 + Z00035 + C00283 + C00022 + C00014 + Z00002 + C00283 + C00022 + C00014 + Z00035 => C00097 + C00001 + Z00035 + C00097 + C00001 + Z00002 + C00097 + C00001 + Z00035,C00283 + C00022 + C00014 + Z00035 + C00283 + C00022 + C00014 + Z00002 + C00283 + C00022 + C00014 + Z00035,C00097 + C00001 + Z00035 + C00097 + C00001 + Z00002 + C00097 + C00001 + Z00035,10.0,11.0,10.5,"4.4.1.1, 4.4.1.13, 4.4.1.28"
R05758_v1,reverse,KEGG (Modified),"Mn, PLP",C00036 + C00014 + Z00030 + Z00035 => C11511 + Z00030 + Z00035,C00036 + C00014 + Z00030 + Z00035,C11511 + Z00030 + Z00035,10.0,11.0,10.5,4.3.1.16
R05758_v2,reverse,KEGG (Modified),"PLP, Ca",C00036 + C00014 + Z00055 + Z00035 => C11511 + Z00055 + Z00035,C00036 + C00014 + Z00055 + Z00035,C11511 + Z00055 + Z00035,10.0,11.0,10.5,4.3.1.16
R00751_v1,reverse,KEGG (Modified),PLP,C00037 + C00084 + Z00035 + C00037 + C00084 + Z00035 => C00188 + Z00035 + C00188 + Z00035,C00037 + C00084 + Z00035 + C00037 + C00084 + Z00035,C00188 + Z00035 + C00188 + Z00035,10.0,11.0,10.5,"4.1.2.5, 4.1.2.48"
R11099_v2,reverse,KEGG (Modified),"PLP, Generic FeS",C00022 + C00014 + Z00035 + Z00063 => C20904 + C00001 + Z00035 + Z00063,C00022 + C00014 + Z00035 + Z00063,C20904 + C00001 + Z00035 + Z00063,10.0,11.0,10.5,"3.5.99.10, 4.1.99.1, 4.1.99.2, 4.3.1.17"
R07125_v1,reverse,KEGG (Modified),Mg,C03291 + C00011 + Z00029 => C14899 + C00080 + Z00029,C03291 + C00011 + Z00029,C14899 + C00080 + Z00029,10.0,11.0,10.5,4.1.1.85
R06171_v1,reverse,KEGG (Modified),PLP,C00037 + C00084 + Z00035 + C00037 + C00084 + Z00035 => C05519 + Z00035 + C05519 + Z00035,C00037 + C00084 + Z00035 + C00037 + C00084 + Z00035,C05519 + Z00035 + C05519 + Z00035,10.0,11.0,10.5,"4.1.2.48, 4.1.2.49"
R05790_v1,reverse,KEGG (Modified),Ni,C11544 + C00009 + Z00034 => C11516 + C00001 + Z00034,C11544 + C00009 + Z00034,C11516 + C00001 + Z00034,10.0,11.0,10.5,3.1.3.70
R05790_v2,reverse,KEGG (Modified),Mg,C11544 + C00009 + Z00029 => C11516 + C00001 + Z00029,C11544 + C00009 + Z00029,C11516 + C00001 + Z00029,10.0,11.0,10.5,3.1.3.70
R08570,reverse,KEGG,,C00577 + C00022 => C00204,C00577 + C00022,C00204,10.0,11.0,10.5,"4.1.2.51, 4.1.2.55"
R08575,reverse,KEGG,,C00279 + C00085 => C05382 + C00118,C00279 + C00085,C05382 + C00118,10.0,11.0,10.5,2.2.1.2
R08196_v1,reverse,KEGG (Modified),"Co, PLP",C00037 + C00084 + Z00035 + Z00006 => C12317 + Z00035 + Z00006,C00037 + C00084 + Z00035 + Z00006,C12317 + Z00035 + Z00006,10.0,11.0,10.5,4.1.2.42
R08196_v2,reverse,KEGG (Modified),"Mg, PLP",C00037 + C00084 + Z00035 + Z00029 => C12317 + Z00035 + Z00029,C00037 + C00084 + Z00035 + Z00029,C12317 + Z00035 + Z00029,10.0,11.0,10.5,4.1.2.42
R11099_v1,reverse,KEGG (Modified),"4Fe4S, K, PLP",C00022 + C00014 + Z00035 + C00022 + C00014 + Z00026 + Z00035 + C00022 + C00014 + Z00035 + Z00002 => C20904 + C00001 + Z00035 + C20904 + C00001 + Z00026 + Z00035 + C20904 + C00001 + Z00035 + Z00002,C00022 + C00014 + Z00035 + C00022 + C00014 + Z00026 + Z00035 + C00022 + C00014 + Z00035 + Z00002,C20904 + C00001 + Z00035 + C20904 + C00001 + Z00026 + Z00035 + C20904 + C00001 + Z00035 + Z00002,10.0,11.0,10.5,"3.5.99.10, 4.1.99.1, 4.1.99.2, 4.3.1.17"
R08196_v4,reverse,KEGG (Modified),"Ni, PLP",C00037 + C00084 + Z00034 + Z00035 => C12317 + Z00034 + Z00035,C00037 + C00084 + Z00034 + Z00035,C12317 + Z00034 + Z00035,10.0,11.0,10.5,4.1.2.42
R00195_v1,reverse,KEGG (Modified),PLP,2C00014 + C00022 + Z00035 => C06393 + C00001 + Z00035,2C00014 + C00022 + Z00035,C06393 + C00001 + Z00035,10.0,11.0,10.5,4.3.1.15
R01874_v1,reverse,KEGG (Modified),PLP,C00283 + C00014 + C00022 + Z00035 => C00793 + C00001 + Z00035,C00283 + C00014 + C00022 + Z00035,C00793 + C00001 + Z00035,10.0,11.0,10.5,4.4.1.15
R01826_v1,forward,KEGG (Modified),M2,C00074 + C00279 + C00001 + Z00069 => C04691 + C00009 + Z00069,C00074 + C00279 + C00001 + Z00069,C04691 + C00009 + Z00069,10.0,11.0,10.5,2.5.1.54
R00590_v1,reverse,KEGG (Modified),"4Fe4S, PLP",C02218 + C00001 + Z00035 + Z00002 => C00065 + Z00035 + Z00002,C02218 + C00001 + Z00035 + Z00002,C00065 + Z00035 + Z00002,10.0,11.0,10.5,4.3.1.17
R00022,reverse,KEGG,,2C00140 => C01674 + C00001,2C00140,C01674 + C00001,10.0,11.0,10.5,3.2.1.52
R00907_v1,reverse,KEGG (Modified),PLP,C00022 + C00099 + Z00035 => C00041 + C00222 + Z00035,C00022 + C00099 + Z00035,C00041 + C00222 + Z00035,10.0,11.0,10.5,2.6.1.18
R00908_v1,forward,KEGG (Modified),PLP,C00099 + C00026 + Z00035 + C00099 + C00026 + Z00035 => C00222 + C00025 + Z00035 + C00222 + C00025 + Z00035,C00099 + C00026 + Z00035 + C00099 + C00026 + Z00035,C00222 + C00025 + Z00035 + C00222 + C00025 + Z00035,10.0,11.0,10.5,"2.6.1.19, 2.6.1.55, 2.6.1.120"
R09942,reverse,KEGG,,C00140 + C04501 => C01674 + C00009,C00140 + C04501,C01674 + C00009,10.0,11.0,10.5,2.4.1.280
R01810,reverse,KEGG,,C00270 + C00033 => C03708 + C00001,C00270 + C00033,C03708 + C00001,10.0,11.0,10.5,3.1.1.53
R01827,reverse,KEGG,,C00279 + C05345 => C05382 + C00118,C00279 + C05345,C05382 + C00118,10.0,11.0,10.5,2.2.1.2
R00400_v1,reverse,KEGG (Modified),PLP,C00022 + C00049 + Z00035 => C00041 + C00036 + Z00035,C00022 + C00049 + Z00035,C00041 + C00036 + Z00035,10.0,11.0,10.5,2.6.1.12
R00355_v1,forward,KEGG (Modified),PLP,C00049 + C00026 + Z00035 => C00036 + C00025 + Z00035,C00049 + C00026 + Z00035,C00036 + C00025 + Z00035,10.0,11.0,10.5,2.6.1.1
R08195_v3,reverse,KEGG (Modified),"PLP, M2",C00037 + C00084 + Z00069 + Z00035 => C00820 + Z00069 + Z00035,C00037 + C00084 + Z00069 + Z00035,C00820 + Z00069 + Z00035,10.0,11.0,10.5,4.1.2.42
R01713,reverse,KEGG,,C00250 + C00049 => C00534 + C00036,C00250 + C00049,C00534 + C00036,10.0,11.0,10.5,2.6.1.31
R01346_v1,forward,KEGG (Modified),PLP,C00152 + C00161 + Z00035 => C02362 + C00151 + Z00035,C00152 + C00161 + Z00035,C02362 + C00151 + Z00035,10.0,11.0,10.5,2.6.1.14
R10616,reverse,KEGG,,C00022 + C00577 => C01216,C00022 + C00577,C01216,10.0,11.0,10.5,"4.1.2.51, 4.1.2.55"
R01200,forward,KEGG,,C00140 + C00001 => C00329 + C00033,C00140 + C00001,C00329 + C00033,10.0,11.0,10.5,3.5.1.33
R00590_v2,reverse,KEGG (Modified),"PLP, Generic FeS",C02218 + C00001 + Z00035 + Z00063 => C00065 + Z00035 + Z00063,C02218 + C00001 + Z00035 + Z00063,C00065 + Z00035 + Z00063,10.0,11.0,10.5,4.3.1.17
R01829_v1,reverse,KEGG (Modified),Zn,C00111 + C00279 + Z00054 => C00447 + Z00054,C00111 + C00279 + Z00054,C00447 + Z00054,10.0,11.0,10.5,4.1.2.13
R10829,reverse,KEGG,,C00140 + C00636 => C20887 + C00009,C00140 + C00636,C20887 + C00009,10.0,11.0,10.5,2.4.1.320
R01576,forward,KEGG,,C01187 => C00022 + C00216,C01187,C00022 + C00216,10.0,11.0,10.5,4.1.2.23
R12349,forward,KEGG,,C00089 + C00372 => C00095 + C22097,C00089 + C00372,C00095 + C22097,10.0,11.0,10.5,2.4.1.362
R00369_v1,reverse,KEGG (Modified),PLP,C00022 + C00037 + Z00035 => C00041 + C00048 + Z00035,C00022 + C00037 + Z00035,C00041 + C00048 + Z00035,10.0,11.0,10.5,2.6.1.44
R00372_v1,forward,KEGG (Modified),PLP,C00037 + C00026 + Z00035 + C00037 + C00026 + Z00035 => C00048 + C00025 + Z00035 + C00048 + C00025 + Z00035,C00037 + C00026 + Z00035 + C00037 + C00026 + Z00035,C00048 + C00025 + Z00035 + C00048 + C00025 + Z00035,10.0,11.0,10.5,"2.6.1.4, 2.6.1.44"
R00397_v1,forward,KEGG (Modified),PLP,C00049 + Z00035 => C00041 + C00011 + Z00035,C00049 + Z00035,C00041 + C00011 + Z00035,10.0,11.0,10.5,4.1.1.12
R01266,reverse,KEGG,,C00140 + C00152 => C04540 + C00001,C00140 + C00152,C04540 + C00001,10.0,11.0,10.5,3.2.2.11
R00491_v1,forward,KEGG (Modified),PLP,C00049 + Z00035 => C00402 + Z00035,C00049 + Z00035,C00402 + Z00035,10.0,11.0,10.5,5.1.1.13
R08195_v4,reverse,KEGG (Modified),"Ni, PLP",C00037 + C00084 + Z00034 + Z00035 => C00820 + Z00034 + Z00035,C00037 + C00084 + Z00034 + Z00035,C00820 + Z00034 + Z00035,10.0,11.0,10.5,4.1.2.42
R08195_v2,reverse,KEGG (Modified),"Mg, PLP",C00037 + C00084 + Z00035 + Z00029 => C00820 + Z00035 + Z00029,C00037 + C00084 + Z00035 + Z00029,C00820 + Z00035 + Z00029,10.0,11.0,10.5,4.1.2.42
R08195_v1,reverse,KEGG (Modified),"Co, PLP",C00037 + C00084 + Z00035 + Z00006 => C00820 + Z00035 + Z00006,C00037 + C00084 + Z00035 + Z00006,C00820 + Z00035 + Z00006,10.0,11.0,10.5,4.1.2.42
R08196_v5,reverse,KEGG (Modified),"Mn, PLP",C00037 + C00084 + Z00035 + Z00030 => C12317 + Z00035 + Z00030,C00037 + C00084 + Z00035 + Z00030,C12317 + Z00035 + Z00030,10.0,11.0,10.5,4.1.2.42
R05758_v4,reverse,KEGG (Modified),"PLP, M2",C00036 + C00014 + Z00069 + Z00035 => C11511 + Z00069 + Z00035,C00036 + C00014 + Z00069 + Z00035,C11511 + Z00069 + Z00035,10.0,11.0,10.5,4.3.1.16
R05758_v3,reverse,KEGG (Modified),"Mg, PLP",C00036 + C00014 + Z00029 + Z00035 => C11511 + Z00029 + Z00035,C00036 + C00014 + Z00029 + Z00035,C11511 + Z00029 + Z00035,10.0,11.0,10.5,4.3.1.16
R12528,forward,KEGG,,C00089 + C00372 => C00095 + C22230,C00089 + C00372,C00095 + C22230,10.0,11.0,10.5,2.4.1.373
R11100_v2,forward,KEGG (Modified),"PLP, Generic FeS",C02218 + Z00035 + Z00063 => C20904 + Z00035 + Z00063,C02218 + Z00035 + Z00063,C20904 + Z00035 + Z00063,10.0,11.0,10.5,"4.1.99.1, 4.1.99.2, 4.3.1.17, 4.3.3.8"
R03802,reverse,KEGG,,C02013 + C00031 => C06218 + C00001,C02013 + C00031,C06218 + C00001,10.0,11.0,10.5,3.2.1.74
R00782_v2,reverse,KEGG (Modified),PLP,C00283 + C00022 + C00014 + Z00035 => C00097 + C00001 + Z00035,C00283 + C00022 + C00014 + Z00035,C00097 + C00001 + Z00035,10.0,11.0,10.5,"4.4.1.1, 4.4.1.13, 4.4.1.28"
R11100_v1,forward,KEGG (Modified),"4Fe4S, K, PLP",C02218 + Z00035 + C02218 + Z00026 + Z00035 + C02218 + Z00035 + Z00002 => C20904 + Z00035 + C20904 + Z00026 + Z00035 + C20904 + Z00035 + Z00002,C02218 + Z00035 + C02218 + Z00026 + Z00035 + C02218 + Z00035 + Z00002,C20904 + Z00035 + C20904 + Z00026 + Z00035 + C20904 + Z00035 + Z00002,10.0,11.0,10.5,"4.1.99.1, 4.1.99.2, 4.3.1.17, 4.3.3.8"
R00903_v1,forward,KEGG (Modified),PLP,C00097 + Z00035 => C00793 + Z00035,C00097 + Z00035,C00793 + Z00035,11.0,11.0,11.0,5.1.1.10
R00891_v1,reverse,KEGG (Modified),PLP,C00097 + C00001 + Z00035 => C00065 + C00283 + Z00035,C00097 + C00001 + Z00035,C00065 + C00283 + Z00035,11.0,11.0,11.0,4.2.1.22
R01712_v1,reverse,KEGG (Modified),PLP,C00250 + C00041 + Z00035 => C00534 + C00022 + Z00035,C00250 + C00041 + Z00035,C00534 + C00022 + Z00035,11.0,11.0,11.0,2.6.1.30
R00891_v1,forward,KEGG (Modified),PLP,C00065 + C00283 + Z00035 => C00097 + C00001 + Z00035,C00065 + C00283 + Z00035,C00097 + C00001 + Z00035,11.0,11.0,11.0,4.2.1.22
R00258_v1,forward,KEGG (Modified),PLP,C00041 + C00026 + Z00035 => C00022 + C00025 + Z00035,C00041 + C00026 + Z00035,C00022 + C00025 + Z00035,11.0,11.0,11.0,2.6.1.2
R01261_v1,forward,KEGG (Modified),PLP,C00041 + C00161 + Z00035 => C00022 + C00151 + Z00035,C00041 + C00161 + Z00035,C00022 + C00151 + Z00035,11.0,11.0,11.0,2.6.1.12
R00903_v1,reverse,KEGG (Modified),PLP,C00793 + Z00035 => C00097 + Z00035,C00793 + Z00035,C00097 + Z00035,11.0,11.0,11.0,5.1.1.10
R01845_v1,reverse,KEGG (Modified),"Mg, Mn",C05382 + C00009 + Z00030 + C05382 + C00009 + Z00029 => C00447 + C00001 + Z00030 + C00447 + C00001 + Z00029,C05382 + C00009 + Z00030 + C05382 + C00009 + Z00029,C00447 + C00001 + Z00030 + C00447 + C00001 + Z00029,11.0,11.0,11.0,"3.1.3.11, 3.1.3.37"
R01467_v1,reverse,KEGG (Modified),PLP,C00820 + Z00035 => C00188 + Z00035,C00820 + Z00035,C00188 + Z00035,11.0,11.0,11.0,5.1.1.6
R01467_v1,forward,KEGG (Modified),PLP,C00188 + Z00035 => C00820 + Z00035,C00188 + Z00035,C00820 + Z00035,11.0,11.0,11.0,5.1.1.6
R01712_v1,forward,KEGG (Modified),PLP,C00534 + C00022 + Z00035 => C00250 + C00041 + Z00035,C00534 + C00022 + Z00035,C00250 + C00041 + Z00035,11.0,11.0,11.0,2.6.1.30
R00258_v1,reverse,KEGG (Modified),PLP,C00022 + C00025 + Z00035 => C00041 + C00026 + Z00035,C00022 + C00025 + Z00035,C00041 + C00026 + Z00035,11.0,11.0,11.0,2.6.1.2
R01845_v1,forward,KEGG (Modified),"Mg, Mn",C00447 + C00001 + Z00030 + C00447 + C00001 + Z00029 => C05382 + C00009 + Z00030 + C05382 + C00009 + Z00029,C00447 + C00001 + Z00030 + C00447 + C00001 + Z00029,C05382 + C00009 + Z00030 + C05382 + C00009 + Z00029,11.0,11.0,11.0,"3.1.3.11, 3.1.3.37"
R01845_v2,reverse,KEGG (Modified),Mg,C05382 + C00009 + Z00029 => C00447 + C00001 + Z00029,C05382 + C00009 + Z00029,C00447 + C00001 + Z00029,11.0,11.0,11.0,"3.1.3.11, 3.1.3.37"
R01845_v2,forward,KEGG (Modified),Mg,C00447 + C00001 + Z00029 => C05382 + C00009 + Z00029,C00447 + C00001 + Z00029,C05382 + C00009 + Z00029,11.0,11.0,11.0,"3.1.3.11, 3.1.3.37"
R05782_v4,reverse,KEGG (Modified),Mn,C00151 + C00014 + C00011 + Z00030 => C11529 + C00001 + Z00030,C00151 + C00014 + C00011 + Z00030,C11529 + C00001 + Z00030,11.0,12.0,11.5,3.5.1.87
R00895_v1,forward,KEGG (Modified),PLP,C00097 + C00026 + Z00035 + C00097 + C00026 + Z00035 => C00957 + C00025 + Z00035 + C00957 + C00025 + Z00035,C00097 + C00026 + Z00035 + C00097 + C00026 + Z00035,C00957 + C00025 + Z00035 + C00957 + C00025 + Z00035,11.0,12.0,11.5,"2.6.1.1, 2.6.1.3"
R03266,reverse,KEGG,,C01127 + C00025 => C03079 + C00026,C01127 + C00025,C03079 + C00026,11.0,12.0,11.5,2.6.1.23
R00996_v1,forward,KEGG (Modified),Generic FeS,C00188 + Z00063 => C00109 + C00014 + Z00063,C00188 + Z00063,C00109 + C00014 + Z00063,11.0,12.0,11.5,4.3.1.19
R04112_v1,reverse,KEGG (Modified),Zn,C02713 + C00041 + Z00054 => C02999 + C00001 + Z00054,C02713 + C00041 + Z00054,C02999 + C00001 + Z00054,11.0,12.0,11.5,3.5.1.28
R04051,forward,KEGG,,C02798 + C00025 => C05672 + C00026,C02798 + C00025,C05672 + C00026,11.0,12.0,11.5,2.6.1.-
R03971,forward,KEGG,,C05670 + C00025 => C06114 + C00001,C05670 + C00025,C06114 + C00001,11.0,12.0,11.5,2.3.2.2
R03970,forward,KEGG,,C02512 + C00025 => C05711 + C00001,C02512 + C00025,C05711 + C00001,11.0,12.0,11.5,2.3.2.2
R05645_v1,forward,KEGG (Modified),Zn,C05382 + Z00054 => C07836 + Z00054,C05382 + Z00054,C07836 + Z00054,11.0,12.0,11.5,5.3.1.28
R00896_v1,forward,KEGG (Modified),PLP,C00097 + C00026 + Z00035 => C00957 + C00302 + Z00035,C00097 + C00026 + Z00035,C00957 + C00302 + Z00035,11.0,12.0,11.5,2.6.1.1
R00582_v3,reverse,KEGG (Modified),Mg,C00065 + C00009 + Z00029 => C01005 + C00001 + Z00029,C00065 + C00009 + Z00029,C01005 + C00001 + Z00029,11.0,12.0,11.5,3.1.3.3
R00582_v2,reverse,KEGG (Modified),Mn,C00065 + C00009 + Z00030 => C01005 + C00001 + Z00030,C00065 + C00009 + Z00030,C01005 + C00001 + Z00030,11.0,12.0,11.5,3.1.3.3
R00582_v1,reverse,KEGG (Modified),Co,C00065 + C00009 + Z00006 => C01005 + C00001 + Z00006,C00065 + C00009 + Z00006,C01005 + C00001 + Z00006,11.0,12.0,11.5,3.1.3.3
R00576_v1,reverse,KEGG (Modified),PLP,C00940 + C00041 + Z00035 => C00064 + C00022 + Z00035,C00940 + C00041 + Z00035,C00064 + C00022 + Z00035,11.0,12.0,11.5,2.6.1.15
R05782_v3,reverse,KEGG (Modified),M2,C00151 + C00014 + C00011 + Z00069 => C11529 + C00001 + Z00069,C00151 + C00014 + C00011 + Z00069,C11529 + C00001 + Z00069,11.0,12.0,11.5,3.5.1.87
R05782_v2,reverse,KEGG (Modified),Co,C00151 + C00014 + C00011 + Z00006 => C11529 + C00001 + Z00006,C00151 + C00014 + C00011 + Z00006,C11529 + C00001 + Z00006,11.0,12.0,11.5,3.5.1.87
R05782_v1,reverse,KEGG (Modified),Fe,C00151 + C00014 + C00011 + Z00015 => C11529 + C00001 + Z00015,C00151 + C00014 + C00011 + Z00015,C11529 + C00001 + Z00015,11.0,12.0,11.5,3.5.1.87
R11326_v1,forward,KEGG (Modified),Co,C05382 + Z00006 => C21281 + C00009 + C00001 + Z00006,C05382 + Z00006,C21281 + C00009 + C00001 + Z00006,11.0,12.0,11.5,4.2.3.154
R00897_v1,reverse,KEGG (Modified),PLP,C00097 + C00033 + Z00035 + C00097 + C00033 + Z00035 => C00979 + C00283 + Z00035 + C00979 + C00283 + Z00035,C00097 + C00033 + Z00035 + C00097 + C00033 + Z00035,C00979 + C00283 + Z00035 + C00979 + C00283 + Z00035,11.0,12.0,11.5,"2.5.1.47, 2.5.1.65"
R00996_v2,forward,KEGG (Modified),PLP,C00188 + Z00035 => C00109 + C00014 + Z00035,C00188 + Z00035,C00109 + C00014 + Z00035,11.0,12.0,11.5,4.3.1.19
R10687_v1,reverse,KEGG (Modified),Zn,C01042 + C00025 + Z00054 => C12270 + C00001 + Z00054,C01042 + C00025 + Z00054,C12270 + C00001 + Z00054,11.0,12.0,11.5,3.4.17.21
R00899_v1,reverse,KEGG (Modified),"Mn, Zn",C00097 + C00037 + Z00054 + C00097 + C00037 + Z00030 + C00097 + C00037 + Z00030 => C01419 + C00001 + Z00054 + C01419 + C00001 + Z00030 + C01419 + C00001 + Z00030,C00097 + C00037 + Z00054 + C00097 + C00037 + Z00030 + C00097 + C00037 + Z00030,C01419 + C00001 + Z00054 + C01419 + C00001 + Z00030 + C01419 + C00001 + Z00030,11.0,12.0,11.5,"3.4.11.1, 3.4.11.2, 3.4.11.23, 3.4.13.-"
R01265_v1,forward,KEGG (Modified),PLP,C00151 + Z00035 => C00405 + Z00035,C00151 + Z00035,C00405 + Z00035,11.0,12.0,11.5,5.1.1.10
R00899_v2,reverse,KEGG (Modified),Mg,C00097 + C00037 + Z00029 => C01419 + C00001 + Z00029,C00097 + C00037 + Z00029,C01419 + C00001 + Z00029,11.0,12.0,11.5,"3.4.11.1, 3.4.11.2, 3.4.11.23, 3.4.13.-"
R00899_v3,reverse,KEGG (Modified),Zn,C00097 + C00037 + Z00054 => C01419 + C00001 + Z00054,C00097 + C00037 + Z00054,C01419 + C00001 + Z00054,11.0,12.0,11.5,"3.4.11.1, 3.4.11.2, 3.4.11.23, 3.4.13.-"
FeS_C22154_syn,forward,Manual,,C00041 + C00065 + C00037 + C00049 + C00097 + C00023 => C22154,C00041 + C00065 + C00037 + C00049 + C00097 + C00023,C22154,11.0,12.0,11.5,
R01538_v1,reverse,KEGG (Modified),"Mg, Ni",C00204 + C00001 + Z00029 + C00204 + C00001 + Z00034 => C00257 + Z00029 + C00257 + Z00034,C00204 + C00001 + Z00029 + C00204 + C00001 + Z00034,C00257 + Z00029 + C00257 + Z00034,11.0,12.0,11.5,"4.2.1.39, 4.2.1.140"
R01538_v2,reverse,KEGG (Modified),Mg,C00204 + C00001 + Z00029 => C00257 + Z00029,C00204 + C00001 + Z00029,C00257 + Z00029,11.0,12.0,11.5,"4.2.1.39, 4.2.1.140"
FeS_C22151_syn,forward,Manual,,C00041 + C00065 + C00037 + C00049 + C00097 + C00023 => C22151,C00041 + C00065 + C00037 + C00049 + C00097 + C00023,C22151,11.0,12.0,11.5,
R09769_v1,forward,KEGG (Modified),Zn,C05382 + Z00054 => C19878 + Z00054,C05382 + Z00054,C19878 + Z00054,11.0,12.0,11.5,5.3.1.28
R09768_v1,forward,KEGG (Modified),Zn,C05382 + Z00054 => C19882 + Z00054,C05382 + Z00054,C19882 + Z00054,11.0,12.0,11.5,5.3.1.28
R01577_v1,forward,KEGG (Modified),Mn,C00216 + Z00030 => C00309 + Z00030,C00216 + Z00030,C00309 + Z00030,11.0,12.0,11.5,5.3.1.3
FeS_C00139_syn,forward,Manual,,C00041 + C00065 + C00037 + C00049 + C00097 + C00023 => C00139,C00041 + C00065 + C00037 + C00049 + C00097 + C00023,C00139,11.0,12.0,11.5,
R00401_v1,forward,KEGG (Modified),PLP,C00041 + Z00035 => C00133 + Z00035,C00041 + Z00035,C00133 + Z00035,11.0,12.0,11.5,5.1.1.1
R05142,reverse,KEGG,,C06218 + C00031 => C06217 + C00001,C06218 + C00031,C06217 + C00001,11.0,12.0,11.5,3.2.1.74
FeS_C22150_syn,forward,Manual,,C00041 + C00065 + C00037 + C00049 + C00097 + C00023 => C22150,C00041 + C00065 + C00037 + C00049 + C00097 + C00023,C22150,11.0,12.0,11.5,
R01544_v1,reverse,KEGG (Modified),PLP,C00204 + C00014 + Z00035 => C03752 + Z00035,C00204 + C00014 + Z00035,C03752 + Z00035,11.0,12.0,11.5,4.3.1.9
R00263,forward,KEGG,,C00025 => C05723,C00025,C05723,11.0,12.0,11.5,
R00261_v1,forward,KEGG (Modified),PLP,C00025 + Z00035 => C00334 + C00011 + Z00035,C00025 + Z00035,C00334 + C00011 + Z00035,11.0,12.0,11.5,4.1.1.15
R00260_v1,forward,KEGG (Modified),PLP,C00025 + Z00035 => C00217 + Z00035,C00025 + Z00035,C00217 + Z00035,11.0,12.0,11.5,5.1.1.3
R11889_v1,forward,KEGG (Modified),Mg,C01674 + C00001 + Z00029 => C21747 + C00033 + Z00029,C01674 + C00001 + Z00029,C21747 + C00033 + Z00029,11.0,12.0,11.5,3.5.1.105
R00411_v1,reverse,KEGG (Modified),"Co, Zn",C00025 + C00042 + Z00006 + Z00054 => C05931 + C00001 + Z00006 + Z00054,C00025 + C00042 + Z00006 + Z00054,C05931 + C00001 + Z00006 + Z00054,11.0,12.0,11.5,3.5.1.96
R10775_v1,reverse,KEGG (Modified),PLP,C00204 + C00014 + Z00035 => C20845 + C00001 + Z00035,C00204 + C00014 + Z00035,C20845 + C00001 + Z00035,11.0,12.0,11.5,4.3.1.9
R03083_v3,forward,KEGG (Modified),Zn,C04691 + Z00054 => C00944 + C00009 + Z00054,C04691 + Z00054,C00944 + C00009 + Z00054,11.0,12.0,11.5,4.2.3.4
R07274_v1,reverse,KEGG (Modified),PLP,C00097 + C00009 + Z00035 + C00097 + C00009 + Z00035 => C01005 + C00283 + Z00035 + C01005 + C00283 + Z00035,C00097 + C00009 + Z00035 + C00097 + C00009 + Z00035,C01005 + C00283 + Z00035 + C01005 + C00283 + Z00035,11.0,12.0,11.5,"2.5.1.47, 2.5.1.65"
R05839,forward,KEGG,,C00534 + C00026 => C00250 + C00217,C00534 + C00026,C00250 + C00217,11.0,12.0,11.5,2.6.1.54
R11327_v2,forward,KEGG (Modified),Zn,C05382 + Z00054 => C21282 + C00009 + Z00054,C05382 + Z00054,C21282 + C00009 + Z00054,11.0,12.0,11.5,4.2.3.155
R11327_v1,forward,KEGG (Modified),Co,C05382 + Z00006 => C21282 + C00009 + Z00006,C05382 + Z00006,C21282 + C00009 + Z00006,11.0,12.0,11.5,4.2.3.155
R11326_v2,forward,KEGG (Modified),Zn,C05382 + Z00054 => C21281 + C00009 + C00001 + Z00054,C05382 + Z00054,C21281 + C00009 + C00001 + Z00054,11.0,12.0,11.5,4.2.3.154
FeS_C00138_syn,forward,Manual,,C00041 + C00065 + C00037 + C00049 + C00097 + C00023 => C00138,C00041 + C00065 + C00037 + C00049 + C00097 + C00023,C00138,11.0,12.0,11.5,
R00588_v1,forward,KEGG (Modified),PLP,C00065 + C00048 + Z00035 => C00168 + C00037 + Z00035,C00065 + C00048 + Z00035,C00168 + C00037 + Z00035,11.0,12.0,11.5,2.6.1.45
R02494_v2,forward,KEGG (Modified),Zn,C00534 + C00009 + Z00054 => C00647 + C00001 + Z00054,C00534 + C00009 + Z00054,C00647 + C00001 + Z00054,11.0,12.0,11.5,3.1.3.74
R02494_v1,forward,KEGG (Modified),Mg,C00534 + C00009 + Z00029 => C00647 + C00001 + Z00029,C00534 + C00009 + Z00029,C00647 + C00001 + Z00029,11.0,12.0,11.5,3.1.3.74
R03599_v1,reverse,KEGG (Modified),PLP,C01528 + C00041 + C00028 + Z00035 => C05688 + C00030 + Z00035,C01528 + C00041 + C00028 + Z00035,C05688 + C00030 + Z00035,11.0,12.0,11.5,4.4.1.16
R03421,forward,KEGG,,C04540 + C00001 => C01239 + C00049,C04540 + C00001,C01239 + C00049,11.0,12.0,11.5,3.5.1.26
R05053_v1,forward,KEGG (Modified),PLP,C00402 + C05946 + Z00035 => C00036 + C05947 + Z00035,C00402 + C05946 + Z00035,C00036 + C05947 + Z00035,11.0,12.0,11.5,2.6.1.21
R05052_v1,reverse,KEGG (Modified),PLP,C05946 + C00025 + Z00035 => C05947 + C00026 + Z00035,C05946 + C00025 + Z00035,C05947 + C00026 + Z00035,11.0,12.0,11.5,"2.6.1.1, 2.6.1.23"
R07677,reverse,KEGG,,C14899 => C16186 + C00001,C14899,C16186 + C00001,11.0,12.0,11.5,3.1.1.-
R00589_v1,forward,KEGG (Modified),PLP,C00065 + Z00035 + C00065 + Z00035 => C00740 + Z00035 + C00740 + Z00035,C00065 + Z00035 + C00065 + Z00035,C00740 + Z00035 + C00740 + Z00035,11.0,12.0,11.5,"5.1.1.10, 5.1.1.18"
R12671,forward,KEGG,,C01674 + C00001 => C22320 + C00033,C01674 + C00001,C22320 + C00033,11.0,12.0,11.5,3.5.1.136
R00585_v1,forward,KEGG (Modified),PLP,C00065 + C00022 + Z00035 => C00168 + C00041 + Z00035,C00065 + C00022 + Z00035,C00168 + C00041 + Z00035,11.0,12.0,11.5,2.6.1.51
R00584,forward,KEGG,,C00013 + C00065 => C00009 + C01005,C00013 + C00065,C00009 + C01005,11.0,12.0,11.5,2.7.1.80
R00582_v4,reverse,KEGG (Modified),Zn,C00065 + C00009 + Z00054 => C01005 + C00001 + Z00054,C00065 + C00009 + Z00054,C01005 + C00001 + Z00054,11.0,12.0,11.5,3.1.3.3
R00768,reverse,KEGG,,C00025 + C00352 => C00064 + C00085,C00025 + C00352,C00064 + C00085,11.0,12.0,11.5,2.6.1.16
R11038_v1,forward,KEGG (Modified),PLP,C20954 + C00041 + Z00035 => C21068 + C00022 + Z00035,C20954 + C00041 + Z00035,C21068 + C00022 + Z00035,11.0,12.0,11.5,2.6.1.108
R01147,forward,KEGG,,C00647 + C00022 => C00018 + C00133,C00647 + C00022,C00018 + C00133,12.0,12.0,12.0,
R01147,reverse,KEGG,,C00018 + C00133 => C00647 + C00022,C00018 + C00133,C00647 + C00022,12.0,12.0,12.0,
R01148_v1,forward,KEGG (Modified),PLP,C00133 + C00026 + Z00035 => C00022 + C00217 + Z00035,C00133 + C00026 + Z00035,C00022 + C00217 + Z00035,12.0,12.0,12.0,2.6.1.21
R03601_v1,reverse,KEGG (Modified),PLP,C05688 + C00033 + Z00035 => C00979 + C01528 + Z00035,C05688 + C00033 + Z00035,C00979 + C01528 + Z00035,12.0,12.0,12.0,2.5.1.47
R03601_v1,forward,KEGG (Modified),PLP,C00979 + C01528 + Z00035 => C05688 + C00033 + Z00035,C00979 + C01528 + Z00035,C05688 + C00033 + Z00035,12.0,12.0,12.0,2.5.1.47
R01344_v1,reverse,KEGG (Modified),PLP,C00161 + C00133 + Z00035 => C00405 + C00022 + Z00035,C00161 + C00133 + Z00035,C00405 + C00022 + Z00035,12.0,12.0,12.0,2.6.1.21
R01580,forward,KEGG,,C00647 + C00026 => C00018 + C00217,C00647 + C00026,C00018 + C00217,12.0,12.0,12.0,2.6.1.54
R01580,reverse,KEGG,,C00018 + C00217 => C00647 + C00026,C00018 + C00217,C00647 + C00026,12.0,12.0,12.0,2.6.1.54
R01148_v1,reverse,KEGG (Modified),PLP,C00022 + C00217 + Z00035 => C00133 + C00026 + Z00035,C00022 + C00217 + Z00035,C00133 + C00026 + Z00035,12.0,12.0,12.0,2.6.1.21
R01519_v1,reverse,KEGG (Modified),Co,C00257 + Z00006 => C00198 + C00001 + Z00006,C00257 + Z00006,C00198 + C00001 + Z00006,12.0,13.0,12.5,3.1.1.17
R01519_v2,reverse,KEGG (Modified),Mg,C00257 + Z00029 => C00198 + C00001 + Z00029,C00257 + Z00029,C00198 + C00001 + Z00029,12.0,13.0,12.5,3.1.1.17
RZ_8,forward,KEGG,,C16186 => Z00004,C16186,Z00004,12.0,13.0,12.5,
RZ_425,forward,KEGG,,C05688 => Z00044,C05688,Z00044,12.0,13.0,12.5,
RZ_110,forward,KEGG,,C22151 => Z00016,C22151,Z00016,12.0,13.0,12.5,
RZ_111,forward,KEGG,,C00138 => Z00016,C00138,Z00016,12.0,13.0,12.5,
R01081,reverse,KEGG,,C00309 => C00121,C00309,C00121,12.0,13.0,12.5,5.3.1.20
R04299,forward,KEGG,,C03752 => C05383,C03752,C05383,12.0,13.0,12.5,
R00997_v1,reverse,KEGG (Modified),PLP,C00109 + C00014 + Z00035 => C01234 + C00001 + Z00035,C00109 + C00014 + Z00035,C01234 + C00001 + Z00035,12.0,13.0,12.5,3.5.99.7
R10688_v1,reverse,KEGG (Modified),Zn,C12270 + C00025 + Z00054 => C20776 + C00001 + Z00054,C12270 + C00025 + Z00054,C20776 + C00001 + Z00054,12.0,13.0,12.5,3.4.17.21
R10773_v1,forward,KEGG (Modified),PLP,C03752 + Z00035 => C20844 + C00001 + Z00035,C03752 + Z00035,C20844 + C00001 + Z00035,12.0,13.0,12.5,4.3.1.9
R10178_v1,forward,KEGG (Modified),PLP,C00334 + C00022 + Z00035 => C00232 + C00041 + Z00035,C00334 + C00022 + Z00035,C00232 + C00041 + Z00035,12.0,13.0,12.5,2.6.1.96
R01149,forward,KEGG,,C00133 + C00064 => C00014 + C03738,C00133 + C00064,C00014 + C03738,12.0,13.0,12.5,2.3.2.14
R01001_v1,reverse,KEGG (Modified),PLP,C00097 + C00014 + C00109 + Z00035 => C02291 + C00001 + Z00035,C00097 + C00014 + C00109 + Z00035,C02291 + C00001 + Z00035,12.0,13.0,12.5,4.4.1.1
R00995_v1,reverse,KEGG (Modified),Mn,C00109 + C00011 + Z00030 => C06030 + Z00030,C00109 + C00011 + Z00030,C06030 + Z00030,12.0,13.0,12.5,4.1.1.112
R01390,forward,KEGG,,C00168 + C00011 => C00975,C00168 + C00011,C00975,12.0,13.0,12.5,
R01583,forward,KEGG,,C00217 => C02237 + C00001,C00217,C02237 + C00001,12.0,13.0,12.5,4.2.1.48
R01283_v1,reverse,KEGG (Modified),PLP,C00283 + C00014 + C00109 + Z00035 => C00155 + C00001 + Z00035,C00283 + C00014 + C00109 + Z00035,C00155 + C00001 + Z00035,12.0,13.0,12.5,4.4.1.2
R00995_v2,reverse,KEGG (Modified),Mg,C00109 + C00011 + Z00029 => C06030 + Z00029,C00109 + C00011 + Z00029,C06030 + Z00029,12.0,13.0,12.5,4.1.1.112
R00995_v3,reverse,KEGG (Modified),M2,C00109 + C00011 + Z00069 => C06030 + Z00069,C00109 + C00011 + Z00069,C06030 + Z00069,12.0,13.0,12.5,4.1.1.112
R04173_v1,forward,KEGG (Modified),PLP,C01005 + C00026 + Z00035 => C03232 + C00025 + Z00035,C01005 + C00026 + Z00035,C03232 + C00025 + Z00035,12.0,13.0,12.5,2.6.1.52
R01393,forward,KEGG,,C00168 => C00266 + C00011,C00168,C00266 + C00011,12.0,13.0,12.5,4.1.1.40
R10179_v1,forward,KEGG (Modified),PLP,C00334 + C00048 + Z00035 => C00232 + C00037 + Z00035,C00334 + C00048 + Z00035,C00232 + C00037 + Z00035,12.0,13.0,12.5,2.6.1.96
R00579_v1,forward,KEGG (Modified),PLP,C00064 + Z00035 => C00819 + Z00035,C00064 + Z00035,C00819 + Z00035,12.0,13.0,12.5,5.1.1.10
R05141,reverse,KEGG,,C06217 + C00031 => C06216 + C00001,C06217 + C00031,C06216 + C00001,12.0,13.0,12.5,3.2.1.74
R04933,forward,KEGG,,C05688 => C05705,C05688,C05705,12.0,13.0,12.5,
R04932,forward,KEGG,,2C05688 => C05704,2C05688,C05704,12.0,13.0,12.5,
R04930_v1,reverse,KEGG (Modified),PLP,C05688 + C00014 + C00109 + Z00035 => C05699 + C00001 + Z00035,C05688 + C00014 + C00109 + Z00035,C05699 + C00001 + Z00035,12.0,13.0,12.5,4.4.1.1
R07651_v2,reverse,KEGG (Modified),Zn,2C00133 + Z00054 => C00993 + C00001 + Z00054,2C00133 + Z00054,C00993 + C00001 + Z00054,12.0,13.0,12.5,3.4.13.22
R02853_v3,reverse,KEGG (Modified),Mg,C00740 + C00009 + Z00029 => C02532 + C00001 + Z00029,C00740 + C00009 + Z00029,C02532 + C00001 + Z00029,12.0,13.0,12.5,3.1.3.3
R02853_v2,reverse,KEGG (Modified),Mn,C00740 + C00009 + Z00030 => C02532 + C00001 + Z00030,C00740 + C00009 + Z00030,C02532 + C00001 + Z00030,12.0,13.0,12.5,3.1.3.3
R02853_v1,reverse,KEGG (Modified),Co,C00740 + C00009 + Z00006 => C02532 + C00001 + Z00006,C00740 + C00009 + Z00006,C02532 + C00001 + Z00006,12.0,13.0,12.5,3.1.3.3
R01887,reverse,KEGG,,C00302 + C00014 => 2C00001 + C05715,C00302 + C00014,2C00001 + C05715,12.0,13.0,12.5,3.5.5.1
R01987,forward,KEGG,,C00334 + C00033 => C02946 + C00001,C00334 + C00033,C02946 + C00001,12.0,13.0,12.5,3.5.1.63
R02190,reverse,KEGG,,C00405 + C00014 + C00011 => C05226 + C00001,C00405 + C00014 + C00011,C05226 + C00001,12.0,13.0,12.5,3.5.1.77
R10774_v1,reverse,KEGG (Modified),PLP,C20845 + Z00035 => C20844 + Z00035,C20845 + Z00035,C20844 + Z00035,12.0,13.0,12.5,4.3.1.9
R10832,reverse,KEGG,,C00103 + C00257 => C20888 + C00009,C00103 + C00257,C20888 + C00009,12.0,13.0,12.5,2.4.1.321
R07157_v1,reverse,KEGG (Modified),"4Fe4S, Ni, Zn, Generic FeS",2C00138 + 2C00080 + C00011 + Z00034 + Z00002 + Z00063 + Z00054 => 2C00139 + C00237 + C00001 + Z00034 + Z00002 + Z00063 + Z00054,2C00138 + 2C00080 + C00011 + Z00034 + Z00002 + Z00063 + Z00054,2C00139 + C00237 + C00001 + Z00034 + Z00002 + Z00063 + Z00054,12.0,13.0,12.5,1.2.7.4
R07419,reverse,KEGG,,C00334 + C00025 => C15767 + C00001,C00334 + C00025,C15767 + C00001,12.0,13.0,12.5,3.5.1.94
R11705_v1,forward,KEGG (Modified),PLP,C01005 + C00025 + Z00035 => C21559 + C00009 + Z00035,C01005 + C00025 + Z00035,C21559 + C00009 + Z00035,12.0,13.0,12.5,2.5.1.140
R00494,reverse,KEGG,,C01419 + C00025 => C00051 + C00001,C01419 + C00025,C00051 + C00001,12.0,13.0,12.5,3.4.19.13
R02853_v4,reverse,KEGG (Modified),Zn,C00740 + C00009 + Z00054 => C02532 + C00001 + Z00054,C00740 + C00009 + Z00054,C02532 + C00001 + Z00054,12.0,13.0,12.5,3.1.3.3
R12024,reverse,KEGG,,C00026 + C01419 => C21858 + C00001,C00026 + C01419,C21858 + C00001,12.0,13.0,12.5,3.5.1.128
R10991_v1,reverse,KEGG (Modified),PLP,C00109 + C00025 + Z00035 => C02356 + C00026 + Z00035,C00109 + C00025 + Z00035,C02356 + C00026 + Z00035,12.0,13.0,12.5,2.6.1.42
R10992_v1,forward,KEGG (Modified),PLP,C00041 + C00109 + Z00035 => C00022 + C02356 + Z00035,C00041 + C00109 + Z00035,C00022 + C02356 + Z00035,12.0,13.0,12.5,2.6.1.44
R11098_v1,reverse,KEGG (Modified),Generic FeS,C00109 + C00014 + Z00063 => C20905 + C00001 + Z00063,C00109 + C00014 + Z00063,C20905 + C00001 + Z00063,12.0,13.0,12.5,"3.5.99.10, 4.3.1.19"
R11098_v2,reverse,KEGG (Modified),PLP,C00109 + C00014 + Z00035 => C20905 + C00001 + Z00035,C00109 + C00014 + Z00035,C20905 + C00001 + Z00035,12.0,13.0,12.5,"3.5.99.10, 4.3.1.19"
R07651_v1,reverse,KEGG (Modified),Ni,2C00133 + Z00034 => C00993 + C00001 + Z00034,2C00133 + Z00034,C00993 + C00001 + Z00034,12.0,13.0,12.5,3.4.13.22
R01578,forward,KEGG,,C00217 + C00012 => C02671,C00217 + C00012,C02671,12.0,13.0,12.5,
R01579,reverse,KEGG,,C00217 + C00014 => C00819 + C00001,C00217 + C00014,C00819 + C00001,12.0,13.0,12.5,"3.5.1.2, 3.5.1.35, 3.5.1.38"
RZ_112,forward,KEGG,,C22150 => Z00016,C22150,Z00016,12.0,13.0,12.5,
RZ_113,forward,KEGG,,C00139 => Z00016,C00139,Z00016,12.0,13.0,12.5,
R01648_v1,forward,KEGG (Modified),PLP,C00334 + C00026 + Z00035 => C00232 + C00025 + Z00035,C00334 + C00026 + Z00035,C00232 + C00025 + Z00035,12.0,13.0,12.5,2.6.1.19
R01394,forward,KEGG,,C00168 => C01146,C00168,C01146,12.0,13.0,12.5,5.3.1.22
R01286_v1,reverse,KEGG (Modified),PLP,C00155 + C00014 + C00022 + Z00035 => C02291 + C00001 + Z00035,C00155 + C00014 + C00022 + Z00035,C02291 + C00001 + Z00035,13.0,13.0,13.0,4.4.1.13
R01290_v1,reverse,KEGG (Modified),PLP,C02291 + C00001 + Z00035 => C00065 + C00155 + Z00035,C02291 + C00001 + Z00035,C00065 + C00155 + Z00035,13.0,13.0,13.0,4.2.1.22
R10305_v1,reverse,KEGG (Modified),PLP,C02291 + C00033 + Z00035 => C00979 + C00155 + Z00035,C02291 + C00033 + Z00035,C00979 + C00155 + Z00035,13.0,13.0,13.0,2.5.1.134
R01286_v1,forward,KEGG (Modified),PLP,C02291 + C00001 + Z00035 => C00155 + C00014 + C00022 + Z00035,C02291 + C00001 + Z00035,C00155 + C00014 + C00022 + Z00035,13.0,13.0,13.0,4.4.1.13
R10305_v1,forward,KEGG (Modified),PLP,C00979 + C00155 + Z00035 => C02291 + C00033 + Z00035,C00979 + C00155 + Z00035,C02291 + C00033 + Z00035,13.0,13.0,13.0,2.5.1.134
R01290_v1,forward,KEGG (Modified),PLP,C00065 + C00155 + Z00035 => C02291 + C00001 + Z00035,C00065 + C00155 + Z00035,C02291 + C00001 + Z00035,13.0,13.0,13.0,4.2.1.22
R03127,reverse,KEGG,,C01146 + C00011 => C00975,C01146 + C00011,C00975,13.0,13.0,13.0,4.1.1.54
R03127,forward,KEGG,,C00975 => C01146 + C00011,C00975,C01146 + C00011,13.0,13.0,13.0,4.1.1.54
RZ_427,forward,KEGG,,C05705 => Z00044,C05705,Z00044,13.0,13.0,13.0,
R12505,reverse,KEGG,,2C00139 + C00155 + C00001 => 2C00138 + 2C00080 + C00283 + C00441,2C00139 + C00155 + C00001,2C00138 + 2C00080 + C00283 + C00441,13.0,14.0,13.5,2.8.1.16
R11861,forward,KEGG,,C00051 => C01419 + C01879,C00051,C01419 + C01879,13.0,14.0,13.5,4.3.2.7
R02754_v1,reverse,KEGG (Modified),Mn,C00022 + C01146 + Z00030 => C00679 + Z00030,C00022 + C01146 + Z00030,C00679 + Z00030,13.0,14.0,13.5,4.1.2.20
R02754_v2,reverse,KEGG (Modified),Mg,C00022 + C01146 + Z00029 => C00679 + Z00029,C00022 + C01146 + Z00029,C00679 + Z00029,13.0,14.0,13.5,4.1.2.20
R00527,reverse,KEGG,,C00058 + C00051 => C01031 + C00001,C00058 + C00051,C01031 + C00001,13.0,14.0,13.5,3.1.2.12
R02530_v2,reverse,KEGG (Modified),Mn,C00051 + C00546 + Z00030 => C03451 + Z00030,C00051 + C00546 + Z00030,C03451 + Z00030,13.0,14.0,13.5,4.4.1.5
R08632_v1,forward,KEGG (Modified),PLP,C02291 + Z00035 => C00097 + C17234 + Z00035,C02291 + Z00035,C00097 + C17234 + Z00035,13.0,14.0,13.5,4.4.1.1
R06982_v1,forward,KEGG (Modified),Zn,C00051 + C00067 + Z00054 => C14180 + Z00054,C00051 + C00067 + Z00054,C14180 + Z00054,13.0,14.0,13.5,4.4.1.22
R11101_v1,reverse,KEGG (Modified),Generic FeS,C20905 + Z00063 => C17234 + Z00063,C20905 + Z00063,C17234 + Z00063,13.0,14.0,13.5,4.3.1.19
R11101_v2,reverse,KEGG (Modified),PLP,C20905 + Z00035 => C17234 + Z00035,C20905 + Z00035,C17234 + Z00035,13.0,14.0,13.5,4.3.1.19
R01647_v2,forward,KEGG (Modified),Mn,C00232 + C00022 + Z00030 => C06201 + Z00030,C00232 + C00022 + Z00030,C06201 + Z00030,13.0,14.0,13.5,4.1.2.52
R01647_v3,forward,KEGG (Modified),Mg,C00232 + C00022 + Z00029 => C06201 + Z00029,C00232 + C00022 + Z00029,C06201 + Z00029,13.0,14.0,13.5,4.1.2.52
R08633_v1,forward,KEGG (Modified),PLP,C00155 + Z00035 => C00283 + C17234 + Z00035,C00155 + Z00035,C00283 + C17234 + Z00035,13.0,14.0,13.5,4.4.1.2
R03260_v1,reverse,KEGG (Modified),PLP,C02291 + C00042 + Z00035 => C01118 + C00097 + Z00035,C02291 + C00042 + Z00035,C01118 + C00097 + Z00035,13.0,14.0,13.5,2.5.1.48
R03128,forward,KEGG,,C00975 => C03459,C00975,C03459,13.0,14.0,13.5,
R02530_v1,reverse,KEGG (Modified),Ni,C00051 + C00546 + Z00034 => C03451 + Z00034,C00051 + C00546 + Z00034,C03451 + Z00034,13.0,14.0,13.5,4.4.1.5
R04269,reverse,KEGG,,C06030 + C00025 => C03618 + C00026,C06030 + C00025,C03618 + C00026,13.0,14.0,13.5,
R04946_v1,reverse,KEGG (Modified),PLP,C05699 + C00042 + Z00035 => C01118 + C05688 + Z00035,C05699 + C00042 + Z00035,C01118 + C05688 + Z00035,13.0,14.0,13.5,2.5.1.48
R04941_v1,forward,KEGG (Modified),PLP,C05699 + C00001 + Z00035 => C05698 + C00014 + C00022 + Z00035,C05699 + C00001 + Z00035,C05698 + C00014 + C00022 + Z00035,13.0,14.0,13.5,4.4.1.13
R03277_v1,forward,KEGG (Modified),Mn,C01146 + C00022 + Z00030 => C03921 + Z00030,C01146 + C00022 + Z00030,C03921 + Z00030,13.0,14.0,13.5,4.1.2.20
R02530_v3,reverse,KEGG (Modified),Zn,C00051 + C00546 + Z00054 => C03451 + Z00054,C00051 + C00546 + Z00054,C03451 + Z00054,13.0,14.0,13.5,4.4.1.5
R03277_v2,forward,KEGG (Modified),Mg,C01146 + C00022 + Z00029 => C03921 + Z00029,C01146 + C00022 + Z00029,C03921 + Z00029,13.0,14.0,13.5,4.1.2.20
R04944_v1,reverse,KEGG (Modified),PLP,C05699 + C00009 + Z00035 => C05702 + C05688 + Z00035,C05699 + C00009 + Z00035,C05702 + C05688 + Z00035,13.0,14.0,13.5,2.5.1.48
R04945_v1,reverse,KEGG (Modified),PLP,C05699 + C00033 + Z00035 => C01077 + C05688 + Z00035,C05699 + C00033 + Z00035,C01077 + C05688 + Z00035,13.0,14.0,13.5,2.5.1.48
R01287_v1,reverse,KEGG (Modified),PLP,C00155 + C00033 + Z00035 => C01077 + C00283 + Z00035,C00155 + C00033 + Z00035,C01077 + C00283 + Z00035,13.0,14.0,13.5,2.5.1.49
R01262,forward,KEGG,,C00051 + C00151 => C01419 + C03740,C00051 + C00151,C01419 + C03740,13.0,14.0,13.5,2.3.2.2
R01288_v1,reverse,KEGG (Modified),PLP,C00155 + C00042 + Z00035 => C01118 + C00283 + Z00035,C00155 + C00042 + Z00035,C01118 + C00283 + Z00035,13.0,14.0,13.5,"2.5.1.48, 2.5.1.-"
R12696_v1,reverse,KEGG (Modified),Zn,C00111 + C00266 + Z00054 => C22337 + Z00054,C00111 + C00266 + Z00054,C22337 + Z00054,13.0,14.0,13.5,"4.1.2.17, 4.1.2.-"
R01645_v4,reverse,KEGG (Modified),M2,C00232 + C00022 + Z00069 => C05601 + Z00069,C00232 + C00022 + Z00069,C05601 + Z00069,13.0,14.0,13.5,4.1.2.52
R01645_v3,reverse,KEGG (Modified),Mg,C00232 + C00022 + Z00029 => C05601 + Z00029,C00232 + C00022 + Z00029,C05601 + Z00029,13.0,14.0,13.5,4.1.2.52
R01645_v2,reverse,KEGG (Modified),Mn,C00232 + C00022 + Z00030 => C05601 + Z00030,C00232 + C00022 + Z00030,C05601 + Z00030,13.0,14.0,13.5,4.1.2.52
R01645_v1,reverse,KEGG (Modified),Co,C00232 + C00022 + Z00006 => C05601 + Z00006,C00232 + C00022 + Z00006,C05601 + Z00006,13.0,14.0,13.5,4.1.2.52
R04012,forward,KEGG,,C00819 + C02671 => C00014 + C03933,C00819 + C02671,C00014 + C03933,13.0,14.0,13.5,2.3.2.1
RZ_230,forward,KEGG,,C00051 => Z00023,C00051,Z00023,13.0,14.0,13.5,
RZ_257,forward,KEGG,,C21858 => Z00023,C21858,Z00023,13.0,14.0,13.5,
R01647_v4,forward,KEGG (Modified),M2,C00232 + C00022 + Z00069 => C06201 + Z00069,C00232 + C00022 + Z00069,C06201 + Z00069,13.0,14.0,13.5,4.1.2.52
R04942_v1,reverse,KEGG (Modified),PLP,C05699 + C00001 + Z00035 => C00065 + C05698 + Z00035,C05699 + C00001 + Z00035,C00065 + C05698 + Z00035,13.0,14.0,13.5,4.2.1.22
R01289_v1,forward,KEGG (Modified),PLP,C00065 + C00155 + Z00035 => C00542 + C00001 + Z00035,C00065 + C00155 + Z00035,C00542 + C00001 + Z00035,13.0,14.0,13.5,4.2.1.22
R01647_v1,forward,KEGG (Modified),Co,C00232 + C00022 + Z00006 => C06201 + Z00006,C00232 + C00022 + Z00006,C06201 + Z00006,13.0,14.0,13.5,4.1.2.52
R04011,forward,KEGG,,C00064 + C02671 => C00014 + C16690,C00064 + C02671,C00014 + C16690,13.0,14.0,13.5,2.3.2.1
R01784,reverse,KEGG,,C00022 + C00266 => C00684,C00022 + C00266,C00684,13.0,14.0,13.5,4.1.2.18
R01782,reverse,KEGG,,C00022 + C00266 => C03826,C00022 + C00266,C03826,13.0,14.0,13.5,4.1.2.28
R01785_v1,reverse,KEGG (Modified),Zn,C00111 + C00266 + Z00054 => C06441 + Z00054,C00111 + C00266 + Z00054,C06441 + Z00054,13.0,14.0,13.5,4.1.2.19
R02508_v1,forward,KEGG (Modified),PLP,C00542 + C00042 + Z00035 => C01118 + C00097 + Z00035,C00542 + C00042 + Z00035,C01118 + C00097 + Z00035,14.0,14.0,14.0,2.5.1.48
R02508_v1,reverse,KEGG (Modified),PLP,C01118 + C00097 + Z00035 => C00542 + C00042 + Z00035,C01118 + C00097 + Z00035,C00542 + C00042 + Z00035,14.0,14.0,14.0,2.5.1.48
RZ_246,forward,KEGG,,C03451 => Z00023,C03451,Z00023,14.0,14.0,14.0,
R03749_v1,reverse,KEGG (Modified),Mn,C01879 + C00151 + Z00030 => C03740 + Z00030,C01879 + C00151 + Z00030,C03740 + Z00030,14.0,14.0,14.0,4.3.2.9
RZ_251,forward,KEGG,,C14180 => Z00023,C14180,Z00023,14.0,14.0,14.0,
RZ_258,forward,KEGG,,C01031 => Z00023,C01031,Z00023,14.0,14.0,14.0,
R06897,reverse,KEGG,,C06201 => C05600 + C00001,C06201,C05600 + C00001,14.0,15.0,14.5,4.2.1.-
R09186_v1,forward,KEGG (Modified),Ca,C03826 + Z00055 => C00433 + C00001 + Z00055,C03826 + Z00055,C00433 + C00001 + Z00055,14.0,15.0,14.5,4.2.1.141
R02278,forward,KEGG,,C00684 => C00433 + C00001,C00684,C00433 + C00001,14.0,15.0,14.5,4.2.1.43
R02279,forward,KEGG,,C00679 => C00433 + C00001 + C00011,C00679,C00433 + C00001 + C00011,14.0,15.0,14.5,4.2.1.41
R04895,reverse,KEGG,,C05601 => C05600 + C00001,C05601,C05600 + C00001,14.0,15.0,14.5,4.2.1.-
R04131,reverse,KEGG,,C05601 => C03063 + C00001,C05601,C03063 + C00001,14.0,15.0,14.5,4.2.1.-
R04943,forward,KEGG,,2C05698 => C05707,2C05698,C05707,14.0,15.0,14.5,
R04132,reverse,KEGG,,C06201 => C03063 + C00001,C06201,C03063 + C00001,14.0,15.0,14.5,4.2.1.-
R02293_v1,reverse,KEGG (Modified),PLP,C00441 + C00041 + Z00035 => C03283 + C00022 + Z00035,C00441 + C00041 + Z00035,C03283 + C00022 + Z00035,14.0,15.0,14.5,2.6.1.46
R10147,forward,KEGG,,C00441 + C00022 => C20258 + C00001,C00441 + C00022,C20258 + C00001,14.0,15.0,14.5,4.3.3.7
R08650,forward,KEGG,,C00441 + C00111 => 2C00001 + C12115 + C00009,C00441 + C00111,2C00001 + C12115 + C00009,14.0,15.0,14.5,
R08568,forward,KEGG,,C00441 + C16848 => C16850 + C16849,C00441 + C16848,C16850 + C16849,14.0,15.0,14.5,2.2.1.10
R06977_v1,forward,KEGG (Modified),"K, PLP",C00025 + C00441 + Z00026 + Z00035 => C00026 + C03283 + Z00026 + Z00035,C00025 + C00441 + Z00026 + Z00035,C00026 + C03283 + Z00026 + Z00035,14.0,15.0,14.5,2.6.1.76
R10673,reverse,KEGG,,C00111 + C00441 => C20644,C00111 + C00441,C20644,14.0,15.0,14.5,4.1.2.56
R02743_v1,reverse,KEGG (Modified),Mn,C01879 + C00097 + Z00030 => C00669 + Z00030,C01879 + C00097 + Z00030,C00669 + Z00030,14.0,15.0,14.5,4.3.2.9
R04134,reverse,KEGG,,C05600 => C03063,C05600,C03063,15.0,15.0,15.0,5.3.3.-
R10469_v2,forward,KEGG (Modified),Mg,C20644 + Z00029 => 2C00001 + C12115 + C00009 + Z00029,C20644 + Z00029,2C00001 + C12115 + C00009 + Z00029,15.0,15.0,15.0,4.1.99.20
R10469_v1,forward,KEGG (Modified),Mn,C20644 + Z00030 => 2C00001 + C12115 + C00009 + Z00030,C20644 + Z00030,2C00001 + C12115 + C00009 + Z00030,15.0,15.0,15.0,4.1.99.20
R04134,forward,KEGG,,C03063 => C05600,C03063,C05600,15.0,15.0,15.0,5.3.3.-
R07650_v2,forward,KEGG (Modified),M2,C03283 + Z00069 => C00986 + C00011 + Z00069,C03283 + Z00069,C00986 + C00011 + Z00069,15.0,16.0,15.5,4.1.1.86
R09801_v1,reverse,KEGG (Modified),Zn,C03283 + C00033 + Z00054 => C19929 + C00001 + Z00054,C03283 + C00033 + Z00054,C19929 + C00001 + Z00054,15.0,16.0,15.5,3.5.1.125
R09253,reverse,KEGG,,C00433 + C00014 => C05941,C00433 + C00014,C05941,15.0,16.0,15.5,
R04133_v1,reverse,KEGG (Modified),Mg,C03063 + C00011 + Z00029 => C04052 + Z00029,C03063 + C00011 + Z00029,C04052 + Z00029,15.0,16.0,15.5,4.1.1.68
R07650_v1,forward,KEGG (Modified),PLP,C03283 + Z00035 => C00986 + C00011 + Z00035,C03283 + Z00035,C00986 + C00011 + Z00035,15.0,16.0,15.5,4.1.1.86
R02280,reverse,KEGG,,C00433 + C00014 => C04282 + C00001,C00433 + C00014,C04282 + C00001,15.0,16.0,15.5,3.5.4.22
R04380_v1,reverse,KEGG (Modified),Mg,C05600 + C00011 + Z00029 => C04052 + Z00029,C05600 + C00011 + Z00029,C04052 + Z00029,15.0,16.0,15.5,4.1.1.68
R04446,reverse,KEGG,,C05941 => C04282 + C00001,C05941,C04282 + C00001,16.0,16.0,16.0,
R09800,reverse,KEGG,,C19929 => C06231 + C00001,C19929,C06231 + C00001,16.0,17.0,16.5,3.5.4.44
R04379_v1,reverse,KEGG (Modified),Mg,C04052 + Z00029 => C04186 + Z00029,C04052 + Z00029,C04186 + Z00029,16.0,17.0,16.5,5.3.3.10
R04447,forward,KEGG,,C04282 => C05942 + C00001,C04282,C05942 + C00001,16.0,17.0,16.5,
R06979,reverse,KEGG,,C00001 + C06231 => C06442,C00001 + C06231,C06442,17.0,18.0,17.5,4.2.1.108
R09795,forward,KEGG,,C05942 + C00001 => C19907 + C00288,C05942 + C00001,C19907 + C00288,17.0,18.0,17.5,4.1.1.93
R09794,forward,KEGG,,C05942 => C19907 + C00011,C05942,C19907 + C00011,17.0,18.0,17.5,4.1.1.93
RZ_483,forward,KEGG,,C19907 => Z00056,C19907,Z00056,18.0,19.0,18.5,
